token,name,expiry,strike,lotsize,instrumenttype,exch_seg,tick_size,call_put
35089,BANKNIFTY,2024-08-28,-0.01,15,FUTIDX,NFO,5.000000,BANKNIFTYAUGFUT
35075,BANKNIFTY,2024-09-25,-0.01,15,FUTIDX,NFO,5.000000,BANKNIFTYSEPFUT
55426,BANKNIFTY,2024-08-14,59000.0,15,OPTIDX,NFO,5.000000,PE
54997,BANKNIFTY,2024-08-14,52200.0,15,OPTIDX,NFO,5.000000,CE
54964,BANKNIFTY,2024-08-14,51000.0,15,OPTIDX,NFO,5.000000,PE
54879,BANKNIFTY,2024-08-14,48200.0,15,OPTIDX,NFO,5.000000,CE
54993,BANKNIFTY,2024-08-14,52000.0,15,OPTIDX,NFO,5.000000,CE
55037,BANKNIFTY,2024-08-14,54200.0,15,OPTIDX,NFO,5.000000,CE
55064,BANKNIFTY,2024-08-14,55100.0,15,OPTIDX,NFO,5.000000,PE
54989,BANKNIFTY,2024-08-14,51800.0,15,OPTIDX,NFO,5.000000,CE
55032,BANKNIFTY,2024-08-14,53900.0,15,OPTIDX,NFO,5.000000,PE
54707,BANKNIFTY,2024-08-14,44500.0,15,OPTIDX,NFO,5.000000,CE
54864,BANKNIFTY,2024-08-14,47400.0,15,OPTIDX,NFO,5.000000,PE
54860,BANKNIFTY,2024-08-14,47200.0,15,OPTIDX,NFO,5.000000,PE
54890,BANKNIFTY,2024-08-14,48700.0,15,OPTIDX,NFO,5.000000,PE
54877,BANKNIFTY,2024-08-14,48100.0,15,OPTIDX,NFO,5.000000,CE
54947,BANKNIFTY,2024-08-14,50300.0,15,OPTIDX,NFO,5.000000,CE
54884,BANKNIFTY,2024-08-14,48400.0,15,OPTIDX,NFO,5.000000,PE
54969,BANKNIFTY,2024-08-14,51300.0,15,OPTIDX,NFO,5.000000,CE
55001,BANKNIFTY,2024-08-14,52400.0,15,OPTIDX,NFO,5.000000,CE
55002,BANKNIFTY,2024-08-14,52400.0,15,OPTIDX,NFO,5.000000,PE
54951,BANKNIFTY,2024-08-14,50500.0,15,OPTIDX,NFO,5.000000,CE
55036,BANKNIFTY,2024-08-14,54100.0,15,OPTIDX,NFO,5.000000,PE
54872,BANKNIFTY,2024-08-14,47800.0,15,OPTIDX,NFO,5.000000,PE
55027,BANKNIFTY,2024-08-14,53700.0,15,OPTIDX,NFO,5.000000,CE
55068,BANKNIFTY,2024-08-14,55300.0,15,OPTIDX,NFO,5.000000,PE
51003,BANKNIFTY,2024-08-14,43000.0,15,OPTIDX,NFO,5.000000,PE
54842,BANKNIFTY,2024-08-14,46700.0,15,OPTIDX,NFO,5.000000,PE
55465,BANKNIFTY,2024-08-14,60000.0,15,OPTIDX,NFO,5.000000,CE
54945,BANKNIFTY,2024-08-14,50200.0,15,OPTIDX,NFO,5.000000,CE
54994,BANKNIFTY,2024-08-14,52000.0,15,OPTIDX,NFO,5.000000,PE
54959,BANKNIFTY,2024-08-14,50800.0,15,OPTIDX,NFO,5.000000,CE
54908,BANKNIFTY,2024-08-14,49500.0,15,OPTIDX,NFO,5.000000,PE
55035,BANKNIFTY,2024-08-14,54100.0,15,OPTIDX,NFO,5.000000,CE
51002,BANKNIFTY,2024-08-14,43000.0,15,OPTIDX,NFO,5.000000,CE
54904,BANKNIFTY,2024-08-14,49400.0,15,OPTIDX,NFO,5.000000,PE
55100,BANKNIFTY,2024-08-14,56000.0,15,OPTIDX,NFO,5.000000,PE
55099,BANKNIFTY,2024-08-14,56000.0,15,OPTIDX,NFO,5.000000,CE
55071,BANKNIFTY,2024-08-14,55500.0,15,OPTIDX,NFO,5.000000,CE
54928,BANKNIFTY,2024-08-14,49900.0,15,OPTIDX,NFO,5.000000,CE
54929,BANKNIFTY,2024-08-14,49900.0,15,OPTIDX,NFO,5.000000,PE
54983,BANKNIFTY,2024-08-14,51500.0,15,OPTIDX,NFO,5.000000,CE
54865,BANKNIFTY,2024-08-14,47500.0,15,OPTIDX,NFO,5.000000,CE
54874,BANKNIFTY,2024-08-14,47900.0,15,OPTIDX,NFO,5.000000,PE
55022,BANKNIFTY,2024-08-14,53400.0,15,OPTIDX,NFO,5.000000,PE
55015,BANKNIFTY,2024-08-14,53100.0,15,OPTIDX,NFO,5.000000,CE
55029,BANKNIFTY,2024-08-14,53800.0,15,OPTIDX,NFO,5.000000,CE
54841,BANKNIFTY,2024-08-14,46700.0,15,OPTIDX,NFO,5.000000,CE
54854,BANKNIFTY,2024-08-14,47000.0,15,OPTIDX,NFO,5.000000,PE
55056,BANKNIFTY,2024-08-14,54900.0,15,OPTIDX,NFO,5.000000,CE
54849,BANKNIFTY,2024-08-14,46900.0,15,OPTIDX,NFO,5.000000,CE
55058,BANKNIFTY,2024-08-14,54900.0,15,OPTIDX,NFO,5.000000,PE
42212,BANKNIFTY,2024-08-14,42000.0,15,OPTIDX,NFO,5.000000,CE
55055,BANKNIFTY,2024-08-14,54800.0,15,OPTIDX,NFO,5.000000,PE
54981,BANKNIFTY,2024-08-14,51400.0,15,OPTIDX,NFO,5.000000,CE
54851,BANKNIFTY,2024-08-14,47000.0,15,OPTIDX,NFO,5.000000,CE
54944,BANKNIFTY,2024-08-14,50100.0,15,OPTIDX,NFO,5.000000,PE
54895,BANKNIFTY,2024-08-14,49000.0,15,OPTIDX,NFO,5.000000,CE
54936,BANKNIFTY,2024-08-14,50100.0,15,OPTIDX,NFO,5.000000,CE
55019,BANKNIFTY,2024-08-14,53300.0,15,OPTIDX,NFO,5.000000,CE
54995,BANKNIFTY,2024-08-14,52100.0,15,OPTIDX,NFO,5.000000,CE
55051,BANKNIFTY,2024-08-14,54800.0,15,OPTIDX,NFO,5.000000,CE
55028,BANKNIFTY,2024-08-14,53700.0,15,OPTIDX,NFO,5.000000,PE
54838,BANKNIFTY,2024-08-14,46500.0,15,OPTIDX,NFO,5.000000,PE
54954,BANKNIFTY,2024-08-14,50600.0,15,OPTIDX,NFO,5.000000,PE
55018,BANKNIFTY,2024-08-14,53200.0,15,OPTIDX,NFO,5.000000,PE
51021,BANKNIFTY,2024-08-14,43500.0,15,OPTIDX,NFO,5.000000,PE
55006,BANKNIFTY,2024-08-14,52600.0,15,OPTIDX,NFO,5.000000,PE
55353,BANKNIFTY,2024-08-14,58000.0,15,OPTIDX,NFO,5.000000,PE
54886,BANKNIFTY,2024-08-14,48500.0,15,OPTIDX,NFO,5.000000,PE
55021,BANKNIFTY,2024-08-14,53400.0,15,OPTIDX,NFO,5.000000,CE
54913,BANKNIFTY,2024-08-14,49700.0,15,OPTIDX,NFO,5.000000,PE
55041,BANKNIFTY,2024-08-14,54400.0,15,OPTIDX,NFO,5.000000,CE
55014,BANKNIFTY,2024-08-14,53000.0,15,OPTIDX,NFO,5.000000,PE
55010,BANKNIFTY,2024-08-14,52800.0,15,OPTIDX,NFO,5.000000,PE
54897,BANKNIFTY,2024-08-14,49100.0,15,OPTIDX,NFO,5.000000,CE
54868,BANKNIFTY,2024-08-14,47600.0,15,OPTIDX,NFO,5.000000,PE
55039,BANKNIFTY,2024-08-14,54300.0,15,OPTIDX,NFO,5.000000,CE
54737,BANKNIFTY,2024-08-14,45000.0,15,OPTIDX,NFO,5.000000,CE
54867,BANKNIFTY,2024-08-14,47600.0,15,OPTIDX,NFO,5.000000,CE
54748,BANKNIFTY,2024-08-14,45500.0,15,OPTIDX,NFO,5.000000,PE
54862,BANKNIFTY,2024-08-14,47300.0,15,OPTIDX,NFO,5.000000,PE
54901,BANKNIFTY,2024-08-14,49300.0,15,OPTIDX,NFO,5.000000,CE
54873,BANKNIFTY,2024-08-14,47900.0,15,OPTIDX,NFO,5.000000,CE
54965,BANKNIFTY,2024-08-14,51100.0,15,OPTIDX,NFO,5.000000,CE
54889,BANKNIFTY,2024-08-14,48700.0,15,OPTIDX,NFO,5.000000,CE
54828,BANKNIFTY,2024-08-14,46000.0,15,OPTIDX,NFO,5.000000,PE
55016,BANKNIFTY,2024-08-14,53100.0,15,OPTIDX,NFO,5.000000,PE
55043,BANKNIFTY,2024-08-14,54500.0,15,OPTIDX,NFO,5.000000,CE
54871,BANKNIFTY,2024-08-14,47800.0,15,OPTIDX,NFO,5.000000,CE
54896,BANKNIFTY,2024-08-14,49000.0,15,OPTIDX,NFO,5.000000,PE
54911,BANKNIFTY,2024-08-14,49700.0,15,OPTIDX,NFO,5.000000,CE
54961,BANKNIFTY,2024-08-14,50900.0,15,OPTIDX,NFO,5.000000,CE
55050,BANKNIFTY,2024-08-14,54700.0,15,OPTIDX,NFO,5.000000,PE
54985,BANKNIFTY,2024-08-14,51600.0,15,OPTIDX,NFO,5.000000,CE
54968,BANKNIFTY,2024-08-14,51200.0,15,OPTIDX,NFO,5.000000,PE
54900,BANKNIFTY,2024-08-14,49200.0,15,OPTIDX,NFO,5.000000,PE
54986,BANKNIFTY,2024-08-14,51600.0,15,OPTIDX,NFO,5.000000,PE
54982,BANKNIFTY,2024-08-14,51400.0,15,OPTIDX,NFO,5.000000,PE
54870,BANKNIFTY,2024-08-14,47700.0,15,OPTIDX,NFO,5.000000,PE
54963,BANKNIFTY,2024-08-14,51000.0,15,OPTIDX,NFO,5.000000,CE
54987,BANKNIFTY,2024-08-14,51700.0,15,OPTIDX,NFO,5.000000,CE
42214,BANKNIFTY,2024-08-14,42500.0,15,OPTIDX,NFO,5.000000,CE
54967,BANKNIFTY,2024-08-14,51200.0,15,OPTIDX,NFO,5.000000,CE
55328,BANKNIFTY,2024-08-14,58000.0,15,OPTIDX,NFO,5.000000,CE
55124,BANKNIFTY,2024-08-14,56500.0,15,OPTIDX,NFO,5.000000,PE
55009,BANKNIFTY,2024-08-14,52800.0,15,OPTIDX,NFO,5.000000,CE
54914,BANKNIFTY,2024-08-14,49800.0,15,OPTIDX,NFO,5.000000,CE
54910,BANKNIFTY,2024-08-14,49600.0,15,OPTIDX,NFO,5.000000,PE
55067,BANKNIFTY,2024-08-14,55300.0,15,OPTIDX,NFO,5.000000,CE
55008,BANKNIFTY,2024-08-14,52700.0,15,OPTIDX,NFO,5.000000,PE
55141,BANKNIFTY,2024-08-14,57000.0,15,OPTIDX,NFO,5.000000,PE
55090,BANKNIFTY,2024-08-14,55600.0,15,OPTIDX,NFO,5.000000,PE
54847,BANKNIFTY,2024-08-14,46800.0,15,OPTIDX,NFO,5.000000,PE
54960,BANKNIFTY,2024-08-14,50800.0,15,OPTIDX,NFO,5.000000,PE
54598,BANKNIFTY,2024-08-14,44000.0,15,OPTIDX,NFO,5.000000,PE
55466,BANKNIFTY,2024-08-14,60000.0,15,OPTIDX,NFO,5.000000,PE
54990,BANKNIFTY,2024-08-14,51800.0,15,OPTIDX,NFO,5.000000,PE
55023,BANKNIFTY,2024-08-14,53500.0,15,OPTIDX,NFO,5.000000,CE
54876,BANKNIFTY,2024-08-14,48000.0,15,OPTIDX,NFO,5.000000,PE
42215,BANKNIFTY,2024-08-14,42500.0,15,OPTIDX,NFO,5.000000,PE
54887,BANKNIFTY,2024-08-14,48600.0,15,OPTIDX,NFO,5.000000,CE
54907,BANKNIFTY,2024-08-14,49500.0,15,OPTIDX,NFO,5.000000,CE
55040,BANKNIFTY,2024-08-14,54300.0,15,OPTIDX,NFO,5.000000,PE
54869,BANKNIFTY,2024-08-14,47700.0,15,OPTIDX,NFO,5.000000,CE
54866,BANKNIFTY,2024-08-14,47500.0,15,OPTIDX,NFO,5.000000,PE
54861,BANKNIFTY,2024-08-14,47300.0,15,OPTIDX,NFO,5.000000,CE
54966,BANKNIFTY,2024-08-14,51100.0,15,OPTIDX,NFO,5.000000,PE
54899,BANKNIFTY,2024-08-14,49200.0,15,OPTIDX,NFO,5.000000,CE
55049,BANKNIFTY,2024-08-14,54700.0,15,OPTIDX,NFO,5.000000,CE
55074,BANKNIFTY,2024-08-14,55600.0,15,OPTIDX,NFO,5.000000,CE
54875,BANKNIFTY,2024-08-14,48000.0,15,OPTIDX,NFO,5.000000,CE
55026,BANKNIFTY,2024-08-14,53600.0,15,OPTIDX,NFO,5.000000,PE
54953,BANKNIFTY,2024-08-14,50600.0,15,OPTIDX,NFO,5.000000,CE
54855,BANKNIFTY,2024-08-14,47100.0,15,OPTIDX,NFO,5.000000,CE
55066,BANKNIFTY,2024-08-14,55200.0,15,OPTIDX,NFO,5.000000,PE
54880,BANKNIFTY,2024-08-14,48200.0,15,OPTIDX,NFO,5.000000,PE
54902,BANKNIFTY,2024-08-14,49300.0,15,OPTIDX,NFO,5.000000,PE
55033,BANKNIFTY,2024-08-14,54000.0,15,OPTIDX,NFO,5.000000,CE
54710,BANKNIFTY,2024-08-14,44500.0,15,OPTIDX,NFO,5.000000,PE
54952,BANKNIFTY,2024-08-14,50500.0,15,OPTIDX,NFO,5.000000,PE
54980,BANKNIFTY,2024-08-14,51300.0,15,OPTIDX,NFO,5.000000,PE
55069,BANKNIFTY,2024-08-14,55400.0,15,OPTIDX,NFO,5.000000,CE
55065,BANKNIFTY,2024-08-14,55200.0,15,OPTIDX,NFO,5.000000,CE
55034,BANKNIFTY,2024-08-14,54000.0,15,OPTIDX,NFO,5.000000,PE
54927,BANKNIFTY,2024-08-14,49800.0,15,OPTIDX,NFO,5.000000,PE
55362,BANKNIFTY,2024-08-14,58500.0,15,OPTIDX,NFO,5.000000,CE
55044,BANKNIFTY,2024-08-14,54500.0,15,OPTIDX,NFO,5.000000,PE
55005,BANKNIFTY,2024-08-14,52600.0,15,OPTIDX,NFO,5.000000,CE
55013,BANKNIFTY,2024-08-14,53000.0,15,OPTIDX,NFO,5.000000,CE
54892,BANKNIFTY,2024-08-14,48800.0,15,OPTIDX,NFO,5.000000,PE
54888,BANKNIFTY,2024-08-14,48600.0,15,OPTIDX,NFO,5.000000,PE
55425,BANKNIFTY,2024-08-14,59000.0,15,OPTIDX,NFO,5.000000,CE
55017,BANKNIFTY,2024-08-14,53200.0,15,OPTIDX,NFO,5.000000,CE
54992,BANKNIFTY,2024-08-14,51900.0,15,OPTIDX,NFO,5.000000,PE
55020,BANKNIFTY,2024-08-14,53300.0,15,OPTIDX,NFO,5.000000,PE
55012,BANKNIFTY,2024-08-14,52900.0,15,OPTIDX,NFO,5.000000,PE
54747,BANKNIFTY,2024-08-14,45500.0,15,OPTIDX,NFO,5.000000,CE
55030,BANKNIFTY,2024-08-14,53800.0,15,OPTIDX,NFO,5.000000,PE
55063,BANKNIFTY,2024-08-14,55100.0,15,OPTIDX,NFO,5.000000,CE
54988,BANKNIFTY,2024-08-14,51700.0,15,OPTIDX,NFO,5.000000,PE
51020,BANKNIFTY,2024-08-14,43500.0,15,OPTIDX,NFO,5.000000,CE
55004,BANKNIFTY,2024-08-14,52500.0,15,OPTIDX,NFO,5.000000,PE
54991,BANKNIFTY,2024-08-14,51900.0,15,OPTIDX,NFO,5.000000,CE
54881,BANKNIFTY,2024-08-14,48300.0,15,OPTIDX,NFO,5.000000,CE
54955,BANKNIFTY,2024-08-14,50700.0,15,OPTIDX,NFO,5.000000,CE
55062,BANKNIFTY,2024-08-14,55000.0,15,OPTIDX,NFO,5.000000,PE
54597,BANKNIFTY,2024-08-14,44000.0,15,OPTIDX,NFO,5.000000,CE
55073,BANKNIFTY,2024-08-14,55500.0,15,OPTIDX,NFO,5.000000,PE
55045,BANKNIFTY,2024-08-14,54600.0,15,OPTIDX,NFO,5.000000,CE
55133,BANKNIFTY,2024-08-14,57000.0,15,OPTIDX,NFO,5.000000,CE
55000,BANKNIFTY,2024-08-14,52300.0,15,OPTIDX,NFO,5.000000,PE
55456,BANKNIFTY,2024-08-14,59500.0,15,OPTIDX,NFO,5.000000,PE
55011,BANKNIFTY,2024-08-14,52900.0,15,OPTIDX,NFO,5.000000,CE
54738,BANKNIFTY,2024-08-14,45000.0,15,OPTIDX,NFO,5.000000,PE
55455,BANKNIFTY,2024-08-14,59500.0,15,OPTIDX,NFO,5.000000,CE
54948,BANKNIFTY,2024-08-14,50300.0,15,OPTIDX,NFO,5.000000,PE
54998,BANKNIFTY,2024-08-14,52200.0,15,OPTIDX,NFO,5.000000,PE
54891,BANKNIFTY,2024-08-14,48800.0,15,OPTIDX,NFO,5.000000,CE
55059,BANKNIFTY,2024-08-14,55000.0,15,OPTIDX,NFO,5.000000,CE
54958,BANKNIFTY,2024-08-14,50700.0,15,OPTIDX,NFO,5.000000,PE
54984,BANKNIFTY,2024-08-14,51500.0,15,OPTIDX,NFO,5.000000,PE
55123,BANKNIFTY,2024-08-14,56500.0,15,OPTIDX,NFO,5.000000,CE
55024,BANKNIFTY,2024-08-14,53500.0,15,OPTIDX,NFO,5.000000,PE
54999,BANKNIFTY,2024-08-14,52300.0,15,OPTIDX,NFO,5.000000,CE
55003,BANKNIFTY,2024-08-14,52500.0,15,OPTIDX,NFO,5.000000,CE
54898,BANKNIFTY,2024-08-14,49100.0,15,OPTIDX,NFO,5.000000,PE
55246,BANKNIFTY,2024-08-14,57500.0,15,OPTIDX,NFO,5.000000,CE
55007,BANKNIFTY,2024-08-14,52700.0,15,OPTIDX,NFO,5.000000,CE
54909,BANKNIFTY,2024-08-14,49600.0,15,OPTIDX,NFO,5.000000,CE
54858,BANKNIFTY,2024-08-14,47100.0,15,OPTIDX,NFO,5.000000,PE
55373,BANKNIFTY,2024-08-14,58500.0,15,OPTIDX,NFO,5.000000,PE
54962,BANKNIFTY,2024-08-14,50900.0,15,OPTIDX,NFO,5.000000,PE
54894,BANKNIFTY,2024-08-14,48900.0,15,OPTIDX,NFO,5.000000,PE
54883,BANKNIFTY,2024-08-14,48400.0,15,OPTIDX,NFO,5.000000,CE
54935,BANKNIFTY,2024-08-14,50000.0,15,OPTIDX,NFO,5.000000,PE
55070,BANKNIFTY,2024-08-14,55400.0,15,OPTIDX,NFO,5.000000,PE
54850,BANKNIFTY,2024-08-14,46900.0,15,OPTIDX,NFO,5.000000,PE
55042,BANKNIFTY,2024-08-14,54400.0,15,OPTIDX,NFO,5.000000,PE
55271,BANKNIFTY,2024-08-14,57500.0,15,OPTIDX,NFO,5.000000,PE
54859,BANKNIFTY,2024-08-14,47200.0,15,OPTIDX,NFO,5.000000,CE
54946,BANKNIFTY,2024-08-14,50200.0,15,OPTIDX,NFO,5.000000,PE
42213,BANKNIFTY,2024-08-14,42000.0,15,OPTIDX,NFO,5.000000,PE
55046,BANKNIFTY,2024-08-14,54600.0,15,OPTIDX,NFO,5.000000,PE
55025,BANKNIFTY,2024-08-14,53600.0,15,OPTIDX,NFO,5.000000,CE
54885,BANKNIFTY,2024-08-14,48500.0,15,OPTIDX,NFO,5.000000,CE
54882,BANKNIFTY,2024-08-14,48300.0,15,OPTIDX,NFO,5.000000,PE
54996,BANKNIFTY,2024-08-14,52100.0,15,OPTIDX,NFO,5.000000,PE
54837,BANKNIFTY,2024-08-14,46500.0,15,OPTIDX,NFO,5.000000,CE
54863,BANKNIFTY,2024-08-14,47400.0,15,OPTIDX,NFO,5.000000,CE
55031,BANKNIFTY,2024-08-14,53900.0,15,OPTIDX,NFO,5.000000,CE
54949,BANKNIFTY,2024-08-14,50400.0,15,OPTIDX,NFO,5.000000,CE
54845,BANKNIFTY,2024-08-14,46800.0,15,OPTIDX,NFO,5.000000,CE
54930,BANKNIFTY,2024-08-14,50000.0,15,OPTIDX,NFO,5.000000,CE
54878,BANKNIFTY,2024-08-14,48100.0,15,OPTIDX,NFO,5.000000,PE
54893,BANKNIFTY,2024-08-14,48900.0,15,OPTIDX,NFO,5.000000,CE
54950,BANKNIFTY,2024-08-14,50400.0,15,OPTIDX,NFO,5.000000,PE
55038,BANKNIFTY,2024-08-14,54200.0,15,OPTIDX,NFO,5.000000,PE
54827,BANKNIFTY,2024-08-14,46000.0,15,OPTIDX,NFO,5.000000,CE
54903,BANKNIFTY,2024-08-14,49400.0,15,OPTIDX,NFO,5.000000,CE
35025,FINNIFTY,2024-09-24,-0.01,25,FUTIDX,NFO,5.000000,FINNIFTYSEPFUT
35073,FINNIFTY,2024-08-27,-0.01,25,FUTIDX,NFO,5.000000,FINNIFTYAUGFUT
44724,FINNIFTY,2024-08-13,23850.0,25,OPTIDX,NFO,5.000000,PE
43690,FINNIFTY,2024-08-13,21300.0,25,OPTIDX,NFO,5.000000,PE
44883,FINNIFTY,2024-08-13,24350.0,25,OPTIDX,NFO,5.000000,CE
44562,FINNIFTY,2024-08-13,23050.0,25,OPTIDX,NFO,5.000000,PE
45225,FINNIFTY,2024-08-13,25300.0,25,OPTIDX,NFO,5.000000,CE
44996,FINNIFTY,2024-08-13,24550.0,25,OPTIDX,NFO,5.000000,PE
45005,FINNIFTY,2024-08-13,24750.0,25,OPTIDX,NFO,5.000000,CE
44653,FINNIFTY,2024-08-13,23600.0,25,OPTIDX,NFO,5.000000,CE
44574,FINNIFTY,2024-08-13,23100.0,25,OPTIDX,NFO,5.000000,PE
44623,FINNIFTY,2024-08-13,23350.0,25,OPTIDX,NFO,5.000000,CE
44202,FINNIFTY,2024-08-13,22500.0,25,OPTIDX,NFO,5.000000,CE
44488,FINNIFTY,2024-08-13,22950.0,25,OPTIDX,NFO,5.000000,CE
44184,FINNIFTY,2024-08-13,22400.0,25,OPTIDX,NFO,5.000000,PE
44265,FINNIFTY,2024-08-13,22700.0,25,OPTIDX,NFO,5.000000,CE
44203,FINNIFTY,2024-08-13,22500.0,25,OPTIDX,NFO,5.000000,PE
43900,FINNIFTY,2024-08-13,21850.0,25,OPTIDX,NFO,5.000000,PE
44829,FINNIFTY,2024-08-13,24150.0,25,OPTIDX,NFO,5.000000,CE
44144,FINNIFTY,2024-08-13,22350.0,25,OPTIDX,NFO,5.000000,CE
45003,FINNIFTY,2024-08-13,24700.0,25,OPTIDX,NFO,5.000000,CE
44885,FINNIFTY,2024-08-13,24400.0,25,OPTIDX,NFO,5.000000,CE
43468,FINNIFTY,2024-08-13,20700.0,25,OPTIDX,NFO,5.000000,PE
44739,FINNIFTY,2024-08-13,23950.0,25,OPTIDX,NFO,5.000000,CE
43467,FINNIFTY,2024-08-13,20700.0,25,OPTIDX,NFO,5.000000,CE
44648,FINNIFTY,2024-08-13,23550.0,25,OPTIDX,NFO,5.000000,CE
44827,FINNIFTY,2024-08-13,24100.0,25,OPTIDX,NFO,5.000000,CE
45032,FINNIFTY,2024-08-13,24800.0,25,OPTIDX,NFO,5.000000,PE
45062,FINNIFTY,2024-08-13,24850.0,25,OPTIDX,NFO,5.000000,CE
43901,FINNIFTY,2024-08-13,21900.0,25,OPTIDX,NFO,5.000000,CE
45467,FINNIFTY,2024-08-13,26300.0,25,OPTIDX,NFO,5.000000,PE
44277,FINNIFTY,2024-08-13,22800.0,25,OPTIDX,NFO,5.000000,CE
43628,FINNIFTY,2024-08-13,21100.0,25,OPTIDX,NFO,5.000000,CE
44826,FINNIFTY,2024-08-13,24050.0,25,OPTIDX,NFO,5.000000,PE
44015,FINNIFTY,2024-08-13,22050.0,25,OPTIDX,NFO,5.000000,PE
44993,FINNIFTY,2024-08-13,24500.0,25,OPTIDX,NFO,5.000000,CE
45063,FINNIFTY,2024-08-13,24850.0,25,OPTIDX,NFO,5.000000,PE
44880,FINNIFTY,2024-08-13,24300.0,25,OPTIDX,NFO,5.000000,PE
44725,FINNIFTY,2024-08-13,23900.0,25,OPTIDX,NFO,5.000000,CE
45329,FINNIFTY,2024-08-13,25800.0,25,OPTIDX,NFO,5.000000,CE
44114,FINNIFTY,2024-08-13,22300.0,25,OPTIDX,NFO,5.000000,CE
43727,FINNIFTY,2024-08-13,21550.0,25,OPTIDX,NFO,5.000000,PE
44188,FINNIFTY,2024-08-13,22450.0,25,OPTIDX,NFO,5.000000,CE
44264,FINNIFTY,2024-08-13,22650.0,25,OPTIDX,NFO,5.000000,PE
44833,FINNIFTY,2024-08-13,24200.0,25,OPTIDX,NFO,5.000000,CE
44641,FINNIFTY,2024-08-13,23400.0,25,OPTIDX,NFO,5.000000,CE
43711,FINNIFTY,2024-08-13,21450.0,25,OPTIDX,NFO,5.000000,CE
44963,FINNIFTY,2024-08-13,24450.0,25,OPTIDX,NFO,5.000000,CE
44273,FINNIFTY,2024-08-13,22700.0,25,OPTIDX,NFO,5.000000,PE
43540,FINNIFTY,2024-08-13,20900.0,25,OPTIDX,NFO,5.000000,CE
43640,FINNIFTY,2024-08-13,21100.0,25,OPTIDX,NFO,5.000000,PE
43750,FINNIFTY,2024-08-13,21600.0,25,OPTIDX,NFO,5.000000,PE
45343,FINNIFTY,2024-08-13,25900.0,25,OPTIDX,NFO,5.000000,CE
43942,FINNIFTY,2024-08-13,21950.0,25,OPTIDX,NFO,5.000000,PE
43943,FINNIFTY,2024-08-13,22000.0,25,OPTIDX,NFO,5.000000,CE
45439,FINNIFTY,2024-08-13,26200.0,25,OPTIDX,NFO,5.000000,CE
44487,FINNIFTY,2024-08-13,22900.0,25,OPTIDX,NFO,5.000000,PE
45029,FINNIFTY,2024-08-13,24800.0,25,OPTIDX,NFO,5.000000,CE
44201,FINNIFTY,2024-08-13,22450.0,25,OPTIDX,NFO,5.000000,PE
45238,FINNIFTY,2024-08-13,25500.0,25,OPTIDX,NFO,5.000000,PE
44556,FINNIFTY,2024-08-13,23000.0,25,OPTIDX,NFO,5.000000,PE
45152,FINNIFTY,2024-08-13,25200.0,25,OPTIDX,NFO,5.000000,CE
43610,FINNIFTY,2024-08-13,21000.0,25,OPTIDX,NFO,5.000000,PE
43534,FINNIFTY,2024-08-13,20800.0,25,OPTIDX,NFO,5.000000,PE
45228,FINNIFTY,2024-08-13,25300.0,25,OPTIDX,NFO,5.000000,PE
43891,FINNIFTY,2024-08-13,21850.0,25,OPTIDX,NFO,5.000000,CE
45070,FINNIFTY,2024-08-13,24900.0,25,OPTIDX,NFO,5.000000,CE
45096,FINNIFTY,2024-08-13,25000.0,25,OPTIDX,NFO,5.000000,PE
44606,FINNIFTY,2024-08-13,23200.0,25,OPTIDX,NFO,5.000000,PE
45237,FINNIFTY,2024-08-13,25500.0,25,OPTIDX,NFO,5.000000,CE
44872,FINNIFTY,2024-08-13,24250.0,25,OPTIDX,NFO,5.000000,PE
44620,FINNIFTY,2024-08-13,23250.0,25,OPTIDX,NFO,5.000000,PE
44642,FINNIFTY,2024-08-13,23400.0,25,OPTIDX,NFO,5.000000,PE
44255,FINNIFTY,2024-08-13,22650.0,25,OPTIDX,NFO,5.000000,CE
44994,FINNIFTY,2024-08-13,24500.0,25,OPTIDX,NFO,5.000000,PE
43656,FINNIFTY,2024-08-13,21250.0,25,OPTIDX,NFO,5.000000,CE
44227,FINNIFTY,2024-08-13,22600.0,25,OPTIDX,NFO,5.000000,CE
43304,FINNIFTY,2024-08-13,20200.0,25,OPTIDX,NFO,5.000000,CE
43929,FINNIFTY,2024-08-13,21950.0,25,OPTIDX,NFO,5.000000,CE
43928,FINNIFTY,2024-08-13,21900.0,25,OPTIDX,NFO,5.000000,PE
43951,FINNIFTY,2024-08-13,22000.0,25,OPTIDX,NFO,5.000000,PE
45024,FINNIFTY,2024-08-13,24750.0,25,OPTIDX,NFO,5.000000,PE
45075,FINNIFTY,2024-08-13,24950.0,25,OPTIDX,NFO,5.000000,PE
44873,FINNIFTY,2024-08-13,24300.0,25,OPTIDX,NFO,5.000000,CE
44999,FINNIFTY,2024-08-13,24650.0,25,OPTIDX,NFO,5.000000,CE
43374,FINNIFTY,2024-08-13,20400.0,25,OPTIDX,NFO,5.000000,CE
43367,FINNIFTY,2024-08-13,20300.0,25,OPTIDX,NFO,5.000000,PE
45308,FINNIFTY,2024-08-13,25700.0,25,OPTIDX,NFO,5.000000,PE
43598,FINNIFTY,2024-08-13,21000.0,25,OPTIDX,NFO,5.000000,CE
43715,FINNIFTY,2024-08-13,21500.0,25,OPTIDX,NFO,5.000000,CE
44113,FINNIFTY,2024-08-13,22250.0,25,OPTIDX,NFO,5.000000,PE
43753,FINNIFTY,2024-08-13,21700.0,25,OPTIDX,NFO,5.000000,CE
43699,FINNIFTY,2024-08-13,21350.0,25,OPTIDX,NFO,5.000000,PE
44621,FINNIFTY,2024-08-13,23300.0,25,OPTIDX,NFO,5.000000,CE
44831,FINNIFTY,2024-08-13,24150.0,25,OPTIDX,NFO,5.000000,PE
45413,FINNIFTY,2024-08-13,26100.0,25,OPTIDX,NFO,5.000000,CE
45117,FINNIFTY,2024-08-13,25100.0,25,OPTIDX,NFO,5.000000,PE
44605,FINNIFTY,2024-08-13,23200.0,25,OPTIDX,NFO,5.000000,CE
44226,FINNIFTY,2024-08-13,22550.0,25,OPTIDX,NFO,5.000000,PE
44254,FINNIFTY,2024-08-13,22600.0,25,OPTIDX,NFO,5.000000,PE
44106,FINNIFTY,2024-08-13,22200.0,25,OPTIDX,NFO,5.000000,CE
44104,FINNIFTY,2024-08-13,22150.0,25,OPTIDX,NFO,5.000000,PE
44728,FINNIFTY,2024-08-13,23900.0,25,OPTIDX,NFO,5.000000,PE
44652,FINNIFTY,2024-08-13,23550.0,25,OPTIDX,NFO,5.000000,PE
45002,FINNIFTY,2024-08-13,24650.0,25,OPTIDX,NFO,5.000000,PE
45071,FINNIFTY,2024-08-13,24900.0,25,OPTIDX,NFO,5.000000,PE
45330,FINNIFTY,2024-08-13,25800.0,25,OPTIDX,NFO,5.000000,PE
45106,FINNIFTY,2024-08-13,25050.0,25,OPTIDX,NFO,5.000000,CE
43734,FINNIFTY,2024-08-13,21600.0,25,OPTIDX,NFO,5.000000,CE
44998,FINNIFTY,2024-08-13,24600.0,25,OPTIDX,NFO,5.000000,PE
44399,FINNIFTY,2024-08-13,22800.0,25,OPTIDX,NFO,5.000000,PE
44997,FINNIFTY,2024-08-13,24600.0,25,OPTIDX,NFO,5.000000,CE
44074,FINNIFTY,2024-08-13,22100.0,25,OPTIDX,NFO,5.000000,PE
45364,FINNIFTY,2024-08-13,26000.0,25,OPTIDX,NFO,5.000000,PE
45231,FINNIFTY,2024-08-13,25400.0,25,OPTIDX,NFO,5.000000,CE
44818,FINNIFTY,2024-08-13,24000.0,25,OPTIDX,NFO,5.000000,CE
44563,FINNIFTY,2024-08-13,23100.0,25,OPTIDX,NFO,5.000000,CE
43725,FINNIFTY,2024-08-13,21500.0,25,OPTIDX,NFO,5.000000,PE
43296,FINNIFTY,2024-08-13,20100.0,25,OPTIDX,NFO,5.000000,CE
44181,FINNIFTY,2024-08-13,22350.0,25,OPTIDX,NFO,5.000000,PE
44016,FINNIFTY,2024-08-13,22100.0,25,OPTIDX,NFO,5.000000,CE
44075,FINNIFTY,2024-08-13,22150.0,25,OPTIDX,NFO,5.000000,CE
45275,FINNIFTY,2024-08-13,25600.0,25,OPTIDX,NFO,5.000000,PE
44647,FINNIFTY,2024-08-13,23500.0,25,OPTIDX,NFO,5.000000,PE
43301,FINNIFTY,2024-08-13,20100.0,25,OPTIDX,NFO,5.000000,PE
44817,FINNIFTY,2024-08-13,23950.0,25,OPTIDX,NFO,5.000000,PE
44824,FINNIFTY,2024-08-13,24000.0,25,OPTIDX,NFO,5.000000,PE
45154,FINNIFTY,2024-08-13,25200.0,25,OPTIDX,NFO,5.000000,PE
43541,FINNIFTY,2024-08-13,20900.0,25,OPTIDX,NFO,5.000000,PE
43752,FINNIFTY,2024-08-13,21650.0,25,OPTIDX,NFO,5.000000,PE
44834,FINNIFTY,2024-08-13,24200.0,25,OPTIDX,NFO,5.000000,PE
44835,FINNIFTY,2024-08-13,24250.0,25,OPTIDX,NFO,5.000000,CE
44644,FINNIFTY,2024-08-13,23450.0,25,OPTIDX,NFO,5.000000,PE
44607,FINNIFTY,2024-08-13,23250.0,25,OPTIDX,NFO,5.000000,CE
44276,FINNIFTY,2024-08-13,22750.0,25,OPTIDX,NFO,5.000000,PE
44109,FINNIFTY,2024-08-13,22200.0,25,OPTIDX,NFO,5.000000,PE
44643,FINNIFTY,2024-08-13,23450.0,25,OPTIDX,NFO,5.000000,CE
44553,FINNIFTY,2024-08-13,23000.0,25,OPTIDX,NFO,5.000000,CE
44575,FINNIFTY,2024-08-13,23150.0,25,OPTIDX,NFO,5.000000,CE
44655,FINNIFTY,2024-08-13,23650.0,25,OPTIDX,NFO,5.000000,CE
43655,FINNIFTY,2024-08-13,21200.0,25,OPTIDX,NFO,5.000000,PE
44995,FINNIFTY,2024-08-13,24550.0,25,OPTIDX,NFO,5.000000,CE
43691,FINNIFTY,2024-08-13,21350.0,25,OPTIDX,NFO,5.000000,CE
44622,FINNIFTY,2024-08-13,23300.0,25,OPTIDX,NFO,5.000000,PE
43651,FINNIFTY,2024-08-13,21200.0,25,OPTIDX,NFO,5.000000,CE
43366,FINNIFTY,2024-08-13,20300.0,25,OPTIDX,NFO,5.000000,CE
44665,FINNIFTY,2024-08-13,23800.0,25,OPTIDX,NFO,5.000000,CE
43837,FINNIFTY,2024-08-13,21750.0,25,OPTIDX,NFO,5.000000,CE
43842,FINNIFTY,2024-08-13,21750.0,25,OPTIDX,NFO,5.000000,PE
44663,FINNIFTY,2024-08-13,23750.0,25,OPTIDX,NFO,5.000000,CE
45095,FINNIFTY,2024-08-13,25000.0,25,OPTIDX,NFO,5.000000,CE
44640,FINNIFTY,2024-08-13,23350.0,25,OPTIDX,NFO,5.000000,PE
44143,FINNIFTY,2024-08-13,22300.0,25,OPTIDX,NFO,5.000000,PE
45466,FINNIFTY,2024-08-13,26300.0,25,OPTIDX,NFO,5.000000,CE
44182,FINNIFTY,2024-08-13,22400.0,25,OPTIDX,NFO,5.000000,CE
44430,FINNIFTY,2024-08-13,22850.0,25,OPTIDX,NFO,5.000000,CE
44660,FINNIFTY,2024-08-13,23650.0,25,OPTIDX,NFO,5.000000,PE
45414,FINNIFTY,2024-08-13,26100.0,25,OPTIDX,NFO,5.000000,PE
43700,FINNIFTY,2024-08-13,21400.0,25,OPTIDX,NFO,5.000000,CE
43844,FINNIFTY,2024-08-13,21800.0,25,OPTIDX,NFO,5.000000,CE
45274,FINNIFTY,2024-08-13,25600.0,25,OPTIDX,NFO,5.000000,CE
45307,FINNIFTY,2024-08-13,25700.0,25,OPTIDX,NFO,5.000000,CE
44604,FINNIFTY,2024-08-13,23150.0,25,OPTIDX,NFO,5.000000,PE
43710,FINNIFTY,2024-08-13,21400.0,25,OPTIDX,NFO,5.000000,PE
43403,FINNIFTY,2024-08-13,20500.0,25,OPTIDX,NFO,5.000000,PE
44112,FINNIFTY,2024-08-13,22250.0,25,OPTIDX,NFO,5.000000,CE
45232,FINNIFTY,2024-08-13,25400.0,25,OPTIDX,NFO,5.000000,PE
44275,FINNIFTY,2024-08-13,22750.0,25,OPTIDX,NFO,5.000000,CE
45004,FINNIFTY,2024-08-13,24700.0,25,OPTIDX,NFO,5.000000,PE
45107,FINNIFTY,2024-08-13,25050.0,25,OPTIDX,NFO,5.000000,PE
43884,FINNIFTY,2024-08-13,21800.0,25,OPTIDX,NFO,5.000000,PE
44992,FINNIFTY,2024-08-13,24450.0,25,OPTIDX,NFO,5.000000,PE
43402,FINNIFTY,2024-08-13,20500.0,25,OPTIDX,NFO,5.000000,CE
43189,FINNIFTY,2024-08-13,20000.0,25,OPTIDX,NFO,5.000000,CE
44551,FINNIFTY,2024-08-13,22950.0,25,OPTIDX,NFO,5.000000,PE
44431,FINNIFTY,2024-08-13,22850.0,25,OPTIDX,NFO,5.000000,PE
45440,FINNIFTY,2024-08-13,26200.0,25,OPTIDX,NFO,5.000000,PE
43190,FINNIFTY,2024-08-13,20000.0,25,OPTIDX,NFO,5.000000,PE
44661,FINNIFTY,2024-08-13,23700.0,25,OPTIDX,NFO,5.000000,CE
44436,FINNIFTY,2024-08-13,22900.0,25,OPTIDX,NFO,5.000000,CE
44558,FINNIFTY,2024-08-13,23050.0,25,OPTIDX,NFO,5.000000,CE
45344,FINNIFTY,2024-08-13,25900.0,25,OPTIDX,NFO,5.000000,PE
44654,FINNIFTY,2024-08-13,23600.0,25,OPTIDX,NFO,5.000000,PE
44962,FINNIFTY,2024-08-13,24400.0,25,OPTIDX,NFO,5.000000,PE
44828,FINNIFTY,2024-08-13,24100.0,25,OPTIDX,NFO,5.000000,PE
44674,FINNIFTY,2024-08-13,23850.0,25,OPTIDX,NFO,5.000000,CE
44645,FINNIFTY,2024-08-13,23500.0,25,OPTIDX,NFO,5.000000,CE
43714,FINNIFTY,2024-08-13,21450.0,25,OPTIDX,NFO,5.000000,PE
43518,FINNIFTY,2024-08-13,20800.0,25,OPTIDX,NFO,5.000000,CE
43726,FINNIFTY,2024-08-13,21550.0,25,OPTIDX,NFO,5.000000,CE
44662,FINNIFTY,2024-08-13,23700.0,25,OPTIDX,NFO,5.000000,PE
43959,FINNIFTY,2024-08-13,22050.0,25,OPTIDX,NFO,5.000000,CE
43751,FINNIFTY,2024-08-13,21650.0,25,OPTIDX,NFO,5.000000,CE
44668,FINNIFTY,2024-08-13,23800.0,25,OPTIDX,NFO,5.000000,PE
44664,FINNIFTY,2024-08-13,23750.0,25,OPTIDX,NFO,5.000000,PE
43461,FINNIFTY,2024-08-13,20600.0,25,OPTIDX,NFO,5.000000,CE
44825,FINNIFTY,2024-08-13,24050.0,25,OPTIDX,NFO,5.000000,CE
43680,FINNIFTY,2024-08-13,21300.0,25,OPTIDX,NFO,5.000000,CE
45074,FINNIFTY,2024-08-13,24950.0,25,OPTIDX,NFO,5.000000,CE
43375,FINNIFTY,2024-08-13,20400.0,25,OPTIDX,NFO,5.000000,PE
44884,FINNIFTY,2024-08-13,24350.0,25,OPTIDX,NFO,5.000000,PE
44204,FINNIFTY,2024-08-13,22550.0,25,OPTIDX,NFO,5.000000,CE
45108,FINNIFTY,2024-08-13,25100.0,25,OPTIDX,NFO,5.000000,CE
45363,FINNIFTY,2024-08-13,26000.0,25,OPTIDX,NFO,5.000000,CE
43464,FINNIFTY,2024-08-13,20600.0,25,OPTIDX,NFO,5.000000,PE
43679,FINNIFTY,2024-08-13,21250.0,25,OPTIDX,NFO,5.000000,PE
43836,FINNIFTY,2024-08-13,21700.0,25,OPTIDX,NFO,5.000000,PE
43305,FINNIFTY,2024-08-13,20200.0,25,OPTIDX,NFO,5.000000,PE
38958,MIDCPNIFTY,2024-09-30,-0.01,50,FUTIDX,NFO,5.000000,MIDCPNIFTYSEPFUT
52882,MIDCPNIFTY,2024-08-26,-0.01,50,FUTIDX,NFO,5.000000,MIDCPNIFTYAUGFUT
53204,MIDCPNIFTY,2024-08-12,12525.0,50,OPTIDX,NFO,5.000000,CE
53239,MIDCPNIFTY,2024-08-12,12875.0,50,OPTIDX,NFO,5.000000,CE
53334,MIDCPNIFTY,2024-08-12,13800.0,50,OPTIDX,NFO,5.000000,PE
53144,MIDCPNIFTY,2024-08-12,12075.0,50,OPTIDX,NFO,5.000000,PE
53249,MIDCPNIFTY,2024-08-12,13000.0,50,OPTIDX,NFO,5.000000,CE
53263,MIDCPNIFTY,2024-08-12,13150.0,50,OPTIDX,NFO,5.000000,CE
53323,MIDCPNIFTY,2024-08-12,13700.0,50,OPTIDX,NFO,5.000000,CE
53014,MIDCPNIFTY,2024-08-12,10900.0,50,OPTIDX,NFO,5.000000,PE
53171,MIDCPNIFTY,2024-08-12,12250.0,50,OPTIDX,NFO,5.000000,CE
53220,MIDCPNIFTY,2024-08-12,12625.0,50,OPTIDX,NFO,5.000000,PE
53142,MIDCPNIFTY,2024-08-12,12050.0,50,OPTIDX,NFO,5.000000,PE
53244,MIDCPNIFTY,2024-08-12,12925.0,50,OPTIDX,NFO,5.000000,PE
53175,MIDCPNIFTY,2024-08-12,12275.0,50,OPTIDX,NFO,5.000000,CE
53180,MIDCPNIFTY,2024-08-12,12325.0,50,OPTIDX,NFO,5.000000,PE
53103,MIDCPNIFTY,2024-08-12,11650.0,50,OPTIDX,NFO,5.000000,CE
53306,MIDCPNIFTY,2024-08-12,13575.0,50,OPTIDX,NFO,5.000000,PE
53253,MIDCPNIFTY,2024-08-12,13050.0,50,OPTIDX,NFO,5.000000,CE
53367,MIDCPNIFTY,2024-08-12,14100.0,50,OPTIDX,NFO,5.000000,CE
53130,MIDCPNIFTY,2024-08-12,11900.0,50,OPTIDX,NFO,5.000000,PE
53104,MIDCPNIFTY,2024-08-12,11650.0,50,OPTIDX,NFO,5.000000,PE
53269,MIDCPNIFTY,2024-08-12,13225.0,50,OPTIDX,NFO,5.000000,CE
53214,MIDCPNIFTY,2024-08-12,12550.0,50,OPTIDX,NFO,5.000000,PE
53303,MIDCPNIFTY,2024-08-12,13550.0,50,OPTIDX,NFO,5.000000,CE
53086,MIDCPNIFTY,2024-08-12,11475.0,50,OPTIDX,NFO,5.000000,PE
53121,MIDCPNIFTY,2024-08-12,11800.0,50,OPTIDX,NFO,5.000000,CE
53202,MIDCPNIFTY,2024-08-12,12500.0,50,OPTIDX,NFO,5.000000,PE
53276,MIDCPNIFTY,2024-08-12,13250.0,50,OPTIDX,NFO,5.000000,PE
53212,MIDCPNIFTY,2024-08-12,12525.0,50,OPTIDX,NFO,5.000000,PE
53111,MIDCPNIFTY,2024-08-12,11725.0,50,OPTIDX,NFO,5.000000,CE
53261,MIDCPNIFTY,2024-08-12,13125.0,50,OPTIDX,NFO,5.000000,CE
53309,MIDCPNIFTY,2024-08-12,13625.0,50,OPTIDX,NFO,5.000000,CE
53262,MIDCPNIFTY,2024-08-12,13125.0,50,OPTIDX,NFO,5.000000,PE
53277,MIDCPNIFTY,2024-08-12,13275.0,50,OPTIDX,NFO,5.000000,CE
53072,MIDCPNIFTY,2024-08-12,11300.0,50,OPTIDX,NFO,5.000000,PE
53385,MIDCPNIFTY,2024-08-12,14300.0,50,OPTIDX,NFO,5.000000,CE
53109,MIDCPNIFTY,2024-08-12,11700.0,50,OPTIDX,NFO,5.000000,CE
53248,MIDCPNIFTY,2024-08-12,12975.0,50,OPTIDX,NFO,5.000000,PE
53200,MIDCPNIFTY,2024-08-12,12475.0,50,OPTIDX,NFO,5.000000,PE
53298,MIDCPNIFTY,2024-08-12,13475.0,50,OPTIDX,NFO,5.000000,PE
53139,MIDCPNIFTY,2024-08-12,12025.0,50,OPTIDX,NFO,5.000000,CE
53128,MIDCPNIFTY,2024-08-12,11875.0,50,OPTIDX,NFO,5.000000,PE
53293,MIDCPNIFTY,2024-08-12,13425.0,50,OPTIDX,NFO,5.000000,CE
53088,MIDCPNIFTY,2024-08-12,11500.0,50,OPTIDX,NFO,5.000000,PE
53138,MIDCPNIFTY,2024-08-12,12000.0,50,OPTIDX,NFO,5.000000,PE
53120,MIDCPNIFTY,2024-08-12,11775.0,50,OPTIDX,NFO,5.000000,PE
53195,MIDCPNIFTY,2024-08-12,12425.0,50,OPTIDX,NFO,5.000000,CE
53089,MIDCPNIFTY,2024-08-12,11525.0,50,OPTIDX,NFO,5.000000,CE
53134,MIDCPNIFTY,2024-08-12,11950.0,50,OPTIDX,NFO,5.000000,PE
53265,MIDCPNIFTY,2024-08-12,13175.0,50,OPTIDX,NFO,5.000000,CE
53232,MIDCPNIFTY,2024-08-12,12775.0,50,OPTIDX,NFO,5.000000,PE
53090,MIDCPNIFTY,2024-08-12,11525.0,50,OPTIDX,NFO,5.000000,PE
53179,MIDCPNIFTY,2024-08-12,12325.0,50,OPTIDX,NFO,5.000000,CE
53224,MIDCPNIFTY,2024-08-12,12675.0,50,OPTIDX,NFO,5.000000,PE
53054,MIDCPNIFTY,2024-08-12,11200.0,50,OPTIDX,NFO,5.000000,CE
53291,MIDCPNIFTY,2024-08-12,13400.0,50,OPTIDX,NFO,5.000000,CE
53386,MIDCPNIFTY,2024-08-12,14300.0,50,OPTIDX,NFO,5.000000,PE
53299,MIDCPNIFTY,2024-08-12,13500.0,50,OPTIDX,NFO,5.000000,CE
53236,MIDCPNIFTY,2024-08-12,12825.0,50,OPTIDX,NFO,5.000000,PE
53290,MIDCPNIFTY,2024-08-12,13375.0,50,OPTIDX,NFO,5.000000,PE
53004,MIDCPNIFTY,2024-08-12,10800.0,50,OPTIDX,NFO,5.000000,PE
53085,MIDCPNIFTY,2024-08-12,11475.0,50,OPTIDX,NFO,5.000000,CE
53216,MIDCPNIFTY,2024-08-12,12575.0,50,OPTIDX,NFO,5.000000,PE
53295,MIDCPNIFTY,2024-08-12,13450.0,50,OPTIDX,NFO,5.000000,CE
53145,MIDCPNIFTY,2024-08-12,12100.0,50,OPTIDX,NFO,5.000000,CE
53228,MIDCPNIFTY,2024-08-12,12725.0,50,OPTIDX,NFO,5.000000,PE
53252,MIDCPNIFTY,2024-08-12,13025.0,50,OPTIDX,NFO,5.000000,PE
53300,MIDCPNIFTY,2024-08-12,13500.0,50,OPTIDX,NFO,5.000000,PE
53319,MIDCPNIFTY,2024-08-12,13650.0,50,OPTIDX,NFO,5.000000,CE
53129,MIDCPNIFTY,2024-08-12,11900.0,50,OPTIDX,NFO,5.000000,CE
53305,MIDCPNIFTY,2024-08-12,13575.0,50,OPTIDX,NFO,5.000000,CE
53307,MIDCPNIFTY,2024-08-12,13600.0,50,OPTIDX,NFO,5.000000,CE
53176,MIDCPNIFTY,2024-08-12,12275.0,50,OPTIDX,NFO,5.000000,PE
53201,MIDCPNIFTY,2024-08-12,12500.0,50,OPTIDX,NFO,5.000000,CE
53068,MIDCPNIFTY,2024-08-12,11300.0,50,OPTIDX,NFO,5.000000,CE
53157,MIDCPNIFTY,2024-08-12,12150.0,50,OPTIDX,NFO,5.000000,CE
53140,MIDCPNIFTY,2024-08-12,12025.0,50,OPTIDX,NFO,5.000000,PE
53267,MIDCPNIFTY,2024-08-12,13200.0,50,OPTIDX,NFO,5.000000,CE
53297,MIDCPNIFTY,2024-08-12,13475.0,50,OPTIDX,NFO,5.000000,CE
53037,MIDCPNIFTY,2024-08-12,11100.0,50,OPTIDX,NFO,5.000000,CE
53322,MIDCPNIFTY,2024-08-12,13675.0,50,OPTIDX,NFO,5.000000,PE
53284,MIDCPNIFTY,2024-08-12,13350.0,50,OPTIDX,NFO,5.000000,PE
53087,MIDCPNIFTY,2024-08-12,11500.0,50,OPTIDX,NFO,5.000000,CE
53250,MIDCPNIFTY,2024-08-12,13000.0,50,OPTIDX,NFO,5.000000,PE
53219,MIDCPNIFTY,2024-08-12,12625.0,50,OPTIDX,NFO,5.000000,CE
53247,MIDCPNIFTY,2024-08-12,12975.0,50,OPTIDX,NFO,5.000000,CE
52981,MIDCPNIFTY,2024-08-12,10700.0,50,OPTIDX,NFO,5.000000,CE
53178,MIDCPNIFTY,2024-08-12,12300.0,50,OPTIDX,NFO,5.000000,PE
53115,MIDCPNIFTY,2024-08-12,11750.0,50,OPTIDX,NFO,5.000000,CE
53022,MIDCPNIFTY,2024-08-12,11000.0,50,OPTIDX,NFO,5.000000,PE
53102,MIDCPNIFTY,2024-08-12,11625.0,50,OPTIDX,NFO,5.000000,PE
53136,MIDCPNIFTY,2024-08-12,11975.0,50,OPTIDX,NFO,5.000000,PE
53225,MIDCPNIFTY,2024-08-12,12700.0,50,OPTIDX,NFO,5.000000,CE
53230,MIDCPNIFTY,2024-08-12,12750.0,50,OPTIDX,NFO,5.000000,PE
53191,MIDCPNIFTY,2024-08-12,12375.0,50,OPTIDX,NFO,5.000000,CE
53135,MIDCPNIFTY,2024-08-12,11975.0,50,OPTIDX,NFO,5.000000,CE
53146,MIDCPNIFTY,2024-08-12,12100.0,50,OPTIDX,NFO,5.000000,PE
53159,MIDCPNIFTY,2024-08-12,12175.0,50,OPTIDX,NFO,5.000000,CE
53190,MIDCPNIFTY,2024-08-12,12350.0,50,OPTIDX,NFO,5.000000,PE
53278,MIDCPNIFTY,2024-08-12,13275.0,50,OPTIDX,NFO,5.000000,PE
53320,MIDCPNIFTY,2024-08-12,13650.0,50,OPTIDX,NFO,5.000000,PE
53038,MIDCPNIFTY,2024-08-12,11100.0,50,OPTIDX,NFO,5.000000,PE
53227,MIDCPNIFTY,2024-08-12,12725.0,50,OPTIDX,NFO,5.000000,CE
53021,MIDCPNIFTY,2024-08-12,11000.0,50,OPTIDX,NFO,5.000000,CE
53161,MIDCPNIFTY,2024-08-12,12200.0,50,OPTIDX,NFO,5.000000,CE
53083,MIDCPNIFTY,2024-08-12,11450.0,50,OPTIDX,NFO,5.000000,CE
53099,MIDCPNIFTY,2024-08-12,11600.0,50,OPTIDX,NFO,5.000000,CE
53294,MIDCPNIFTY,2024-08-12,13425.0,50,OPTIDX,NFO,5.000000,PE
53301,MIDCPNIFTY,2024-08-12,13525.0,50,OPTIDX,NFO,5.000000,CE
53217,MIDCPNIFTY,2024-08-12,12600.0,50,OPTIDX,NFO,5.000000,CE
53137,MIDCPNIFTY,2024-08-12,12000.0,50,OPTIDX,NFO,5.000000,CE
53116,MIDCPNIFTY,2024-08-12,11750.0,50,OPTIDX,NFO,5.000000,PE
53196,MIDCPNIFTY,2024-08-12,12425.0,50,OPTIDX,NFO,5.000000,PE
53308,MIDCPNIFTY,2024-08-12,13600.0,50,OPTIDX,NFO,5.000000,PE
53055,MIDCPNIFTY,2024-08-12,11200.0,50,OPTIDX,NFO,5.000000,PE
53170,MIDCPNIFTY,2024-08-12,12225.0,50,OPTIDX,NFO,5.000000,PE
53255,MIDCPNIFTY,2024-08-12,13075.0,50,OPTIDX,NFO,5.000000,CE
53343,MIDCPNIFTY,2024-08-12,13900.0,50,OPTIDX,NFO,5.000000,CE
53394,MIDCPNIFTY,2024-08-12,14400.0,50,OPTIDX,NFO,5.000000,PE
53126,MIDCPNIFTY,2024-08-12,11850.0,50,OPTIDX,NFO,5.000000,PE
53264,MIDCPNIFTY,2024-08-12,13150.0,50,OPTIDX,NFO,5.000000,PE
53296,MIDCPNIFTY,2024-08-12,13450.0,50,OPTIDX,NFO,5.000000,PE
53246,MIDCPNIFTY,2024-08-12,12950.0,50,OPTIDX,NFO,5.000000,PE
53169,MIDCPNIFTY,2024-08-12,12225.0,50,OPTIDX,NFO,5.000000,CE
53097,MIDCPNIFTY,2024-08-12,11575.0,50,OPTIDX,NFO,5.000000,CE
53117,MIDCPNIFTY,2024-08-12,11775.0,50,OPTIDX,NFO,5.000000,CE
53271,MIDCPNIFTY,2024-08-12,13250.0,50,OPTIDX,NFO,5.000000,CE
53133,MIDCPNIFTY,2024-08-12,11950.0,50,OPTIDX,NFO,5.000000,CE
53393,MIDCPNIFTY,2024-08-12,14400.0,50,OPTIDX,NFO,5.000000,CE
53181,MIDCPNIFTY,2024-08-12,12350.0,50,OPTIDX,NFO,5.000000,CE
53084,MIDCPNIFTY,2024-08-12,11450.0,50,OPTIDX,NFO,5.000000,PE
53100,MIDCPNIFTY,2024-08-12,11600.0,50,OPTIDX,NFO,5.000000,PE
53226,MIDCPNIFTY,2024-08-12,12700.0,50,OPTIDX,NFO,5.000000,PE
53156,MIDCPNIFTY,2024-08-12,12125.0,50,OPTIDX,NFO,5.000000,PE
53123,MIDCPNIFTY,2024-08-12,11825.0,50,OPTIDX,NFO,5.000000,CE
53283,MIDCPNIFTY,2024-08-12,13350.0,50,OPTIDX,NFO,5.000000,CE
53125,MIDCPNIFTY,2024-08-12,11850.0,50,OPTIDX,NFO,5.000000,CE
53270,MIDCPNIFTY,2024-08-12,13225.0,50,OPTIDX,NFO,5.000000,PE
53101,MIDCPNIFTY,2024-08-12,11625.0,50,OPTIDX,NFO,5.000000,CE
53215,MIDCPNIFTY,2024-08-12,12575.0,50,OPTIDX,NFO,5.000000,CE
53333,MIDCPNIFTY,2024-08-12,13800.0,50,OPTIDX,NFO,5.000000,CE
53377,MIDCPNIFTY,2024-08-12,14200.0,50,OPTIDX,NFO,5.000000,CE
53235,MIDCPNIFTY,2024-08-12,12825.0,50,OPTIDX,NFO,5.000000,CE
53238,MIDCPNIFTY,2024-08-12,12850.0,50,OPTIDX,NFO,5.000000,PE
53229,MIDCPNIFTY,2024-08-12,12750.0,50,OPTIDX,NFO,5.000000,CE
53258,MIDCPNIFTY,2024-08-12,13075.0,50,OPTIDX,NFO,5.000000,PE
53231,MIDCPNIFTY,2024-08-12,12775.0,50,OPTIDX,NFO,5.000000,CE
53378,MIDCPNIFTY,2024-08-12,14200.0,50,OPTIDX,NFO,5.000000,PE
53282,MIDCPNIFTY,2024-08-12,13325.0,50,OPTIDX,NFO,5.000000,PE
53108,MIDCPNIFTY,2024-08-12,11675.0,50,OPTIDX,NFO,5.000000,PE
53127,MIDCPNIFTY,2024-08-12,11875.0,50,OPTIDX,NFO,5.000000,CE
53132,MIDCPNIFTY,2024-08-12,11925.0,50,OPTIDX,NFO,5.000000,PE
53158,MIDCPNIFTY,2024-08-12,12150.0,50,OPTIDX,NFO,5.000000,PE
53281,MIDCPNIFTY,2024-08-12,13325.0,50,OPTIDX,NFO,5.000000,CE
53213,MIDCPNIFTY,2024-08-12,12550.0,50,OPTIDX,NFO,5.000000,CE
53254,MIDCPNIFTY,2024-08-12,13050.0,50,OPTIDX,NFO,5.000000,PE
53368,MIDCPNIFTY,2024-08-12,14100.0,50,OPTIDX,NFO,5.000000,PE
53260,MIDCPNIFTY,2024-08-12,13100.0,50,OPTIDX,NFO,5.000000,PE
53079,MIDCPNIFTY,2024-08-12,11400.0,50,OPTIDX,NFO,5.000000,CE
53223,MIDCPNIFTY,2024-08-12,12675.0,50,OPTIDX,NFO,5.000000,CE
53199,MIDCPNIFTY,2024-08-12,12475.0,50,OPTIDX,NFO,5.000000,CE
53266,MIDCPNIFTY,2024-08-12,13175.0,50,OPTIDX,NFO,5.000000,PE
53302,MIDCPNIFTY,2024-08-12,13525.0,50,OPTIDX,NFO,5.000000,PE
53122,MIDCPNIFTY,2024-08-12,11800.0,50,OPTIDX,NFO,5.000000,PE
53280,MIDCPNIFTY,2024-08-12,13300.0,50,OPTIDX,NFO,5.000000,PE
53095,MIDCPNIFTY,2024-08-12,11550.0,50,OPTIDX,NFO,5.000000,CE
53147,MIDCPNIFTY,2024-08-12,12125.0,50,OPTIDX,NFO,5.000000,CE
53240,MIDCPNIFTY,2024-08-12,12875.0,50,OPTIDX,NFO,5.000000,PE
53114,MIDCPNIFTY,2024-08-12,11725.0,50,OPTIDX,NFO,5.000000,PE
53351,MIDCPNIFTY,2024-08-12,14000.0,50,OPTIDX,NFO,5.000000,CE
53197,MIDCPNIFTY,2024-08-12,12450.0,50,OPTIDX,NFO,5.000000,CE
53177,MIDCPNIFTY,2024-08-12,12300.0,50,OPTIDX,NFO,5.000000,CE
53003,MIDCPNIFTY,2024-08-12,10800.0,50,OPTIDX,NFO,5.000000,CE
53321,MIDCPNIFTY,2024-08-12,13675.0,50,OPTIDX,NFO,5.000000,CE
53098,MIDCPNIFTY,2024-08-12,11575.0,50,OPTIDX,NFO,5.000000,PE
53259,MIDCPNIFTY,2024-08-12,13100.0,50,OPTIDX,NFO,5.000000,CE
53013,MIDCPNIFTY,2024-08-12,10900.0,50,OPTIDX,NFO,5.000000,CE
53241,MIDCPNIFTY,2024-08-12,12900.0,50,OPTIDX,NFO,5.000000,CE
53354,MIDCPNIFTY,2024-08-12,14000.0,50,OPTIDX,NFO,5.000000,PE
53105,MIDCPNIFTY,2024-08-12,11675.0,50,OPTIDX,NFO,5.000000,CE
53193,MIDCPNIFTY,2024-08-12,12400.0,50,OPTIDX,NFO,5.000000,CE
53192,MIDCPNIFTY,2024-08-12,12375.0,50,OPTIDX,NFO,5.000000,PE
53285,MIDCPNIFTY,2024-08-12,13375.0,50,OPTIDX,NFO,5.000000,CE
53174,MIDCPNIFTY,2024-08-12,12250.0,50,OPTIDX,NFO,5.000000,PE
53222,MIDCPNIFTY,2024-08-12,12650.0,50,OPTIDX,NFO,5.000000,PE
53292,MIDCPNIFTY,2024-08-12,13400.0,50,OPTIDX,NFO,5.000000,PE
53221,MIDCPNIFTY,2024-08-12,12650.0,50,OPTIDX,NFO,5.000000,CE
53198,MIDCPNIFTY,2024-08-12,12450.0,50,OPTIDX,NFO,5.000000,PE
53237,MIDCPNIFTY,2024-08-12,12850.0,50,OPTIDX,NFO,5.000000,CE
53143,MIDCPNIFTY,2024-08-12,12075.0,50,OPTIDX,NFO,5.000000,CE
53168,MIDCPNIFTY,2024-08-12,12200.0,50,OPTIDX,NFO,5.000000,PE
53124,MIDCPNIFTY,2024-08-12,11825.0,50,OPTIDX,NFO,5.000000,PE
52982,MIDCPNIFTY,2024-08-12,10700.0,50,OPTIDX,NFO,5.000000,PE
53194,MIDCPNIFTY,2024-08-12,12400.0,50,OPTIDX,NFO,5.000000,PE
53131,MIDCPNIFTY,2024-08-12,11925.0,50,OPTIDX,NFO,5.000000,CE
53344,MIDCPNIFTY,2024-08-12,13900.0,50,OPTIDX,NFO,5.000000,PE
53234,MIDCPNIFTY,2024-08-12,12800.0,50,OPTIDX,NFO,5.000000,PE
53096,MIDCPNIFTY,2024-08-12,11550.0,50,OPTIDX,NFO,5.000000,PE
53251,MIDCPNIFTY,2024-08-12,13025.0,50,OPTIDX,NFO,5.000000,CE
53233,MIDCPNIFTY,2024-08-12,12800.0,50,OPTIDX,NFO,5.000000,CE
53141,MIDCPNIFTY,2024-08-12,12050.0,50,OPTIDX,NFO,5.000000,CE
53160,MIDCPNIFTY,2024-08-12,12175.0,50,OPTIDX,NFO,5.000000,PE
53324,MIDCPNIFTY,2024-08-12,13700.0,50,OPTIDX,NFO,5.000000,PE
53268,MIDCPNIFTY,2024-08-12,13200.0,50,OPTIDX,NFO,5.000000,PE
53080,MIDCPNIFTY,2024-08-12,11400.0,50,OPTIDX,NFO,5.000000,PE
53242,MIDCPNIFTY,2024-08-12,12900.0,50,OPTIDX,NFO,5.000000,PE
53304,MIDCPNIFTY,2024-08-12,13550.0,50,OPTIDX,NFO,5.000000,PE
53218,MIDCPNIFTY,2024-08-12,12600.0,50,OPTIDX,NFO,5.000000,PE
53245,MIDCPNIFTY,2024-08-12,12950.0,50,OPTIDX,NFO,5.000000,CE
53318,MIDCPNIFTY,2024-08-12,13625.0,50,OPTIDX,NFO,5.000000,PE
53279,MIDCPNIFTY,2024-08-12,13300.0,50,OPTIDX,NFO,5.000000,CE
53110,MIDCPNIFTY,2024-08-12,11700.0,50,OPTIDX,NFO,5.000000,PE
53243,MIDCPNIFTY,2024-08-12,12925.0,50,OPTIDX,NFO,5.000000,CE
35000,NIFTY,2024-09-26,-0.01,25,FUTIDX,NFO,5.000000,NIFTYSEPFUT
35415,NIFTY,2024-08-29,-0.01,25,FUTIDX,NFO,5.000000,NIFTYAUGFUT
39151,NIFTY,2024-08-14,22250.0,25,OPTIDX,NFO,5.000000,PE
39164,NIFTY,2024-08-14,22400.0,25,OPTIDX,NFO,5.000000,CE
39633,NIFTY,2024-08-14,24050.0,25,OPTIDX,NFO,5.000000,CE
51424,NIFTY,2024-08-14,26750.0,25,OPTIDX,NFO,5.000000,CE
39483,NIFTY,2024-08-14,23200.0,25,OPTIDX,NFO,5.000000,CE
39739,NIFTY,2024-08-14,25050.0,25,OPTIDX,NFO,5.000000,CE
39562,NIFTY,2024-08-14,23300.0,25,OPTIDX,NFO,5.000000,CE
39621,NIFTY,2024-08-14,23800.0,25,OPTIDX,NFO,5.000000,PE
39289,NIFTY,2024-08-14,22450.0,25,OPTIDX,NFO,5.000000,CE
45654,NIFTY,2024-08-14,26100.0,25,OPTIDX,NFO,5.000000,PE
39476,NIFTY,2024-08-14,23100.0,25,OPTIDX,NFO,5.000000,CE
39663,NIFTY,2024-08-14,24400.0,25,OPTIDX,NFO,5.000000,CE
39656,NIFTY,2024-08-14,24250.0,25,OPTIDX,NFO,5.000000,CE
39454,NIFTY,2024-08-14,22950.0,25,OPTIDX,NFO,5.000000,PE
39771,NIFTY,2024-08-14,25650.0,25,OPTIDX,NFO,5.000000,CE
39602,NIFTY,2024-08-14,23700.0,25,OPTIDX,NFO,5.000000,CE
39479,NIFTY,2024-08-14,23150.0,25,OPTIDX,NFO,5.000000,PE
39341,NIFTY,2024-08-14,22700.0,25,OPTIDX,NFO,5.000000,CE
39337,NIFTY,2024-08-14,22650.0,25,OPTIDX,NFO,5.000000,PE
50827,NIFTY,2024-08-14,26500.0,25,OPTIDX,NFO,5.000000,CE
47866,NIFTY,2024-08-14,26350.0,25,OPTIDX,NFO,5.000000,CE
39465,NIFTY,2024-08-14,23050.0,25,OPTIDX,NFO,5.000000,CE
39323,NIFTY,2024-08-14,22550.0,25,OPTIDX,NFO,5.000000,CE
50826,NIFTY,2024-08-14,26450.0,25,OPTIDX,NFO,5.000000,PE
49881,NIFTY,2024-08-14,26400.0,25,OPTIDX,NFO,5.000000,PE
40015,NIFTY,2024-08-14,25800.0,25,OPTIDX,NFO,5.000000,PE
42357,NIFTY,2024-08-14,25850.0,25,OPTIDX,NFO,5.000000,PE
39615,NIFTY,2024-08-14,23750.0,25,OPTIDX,NFO,5.000000,PE
39775,NIFTY,2024-08-14,25750.0,25,OPTIDX,NFO,5.000000,CE
39577,NIFTY,2024-08-14,23500.0,25,OPTIDX,NFO,5.000000,PE
39662,NIFTY,2024-08-14,24350.0,25,OPTIDX,NFO,5.000000,PE
39629,NIFTY,2024-08-14,24000.0,25,OPTIDX,NFO,5.000000,PE
39658,NIFTY,2024-08-14,24300.0,25,OPTIDX,NFO,5.000000,CE
39711,NIFTY,2024-08-14,24550.0,25,OPTIDX,NFO,5.000000,PE
39574,NIFTY,2024-08-14,23450.0,25,OPTIDX,NFO,5.000000,CE
39716,NIFTY,2024-08-14,24650.0,25,OPTIDX,NFO,5.000000,CE
39659,NIFTY,2024-08-14,24300.0,25,OPTIDX,NFO,5.000000,PE
39768,NIFTY,2024-08-14,25550.0,25,OPTIDX,NFO,5.000000,PE
44219,NIFTY,2024-08-14,26000.0,25,OPTIDX,NFO,5.000000,CE
39742,NIFTY,2024-08-14,25100.0,25,OPTIDX,NFO,5.000000,CE
39746,NIFTY,2024-08-14,25150.0,25,OPTIDX,NFO,5.000000,CE
39570,NIFTY,2024-08-14,23400.0,25,OPTIDX,NFO,5.000000,CE
39779,NIFTY,2024-08-14,25750.0,25,OPTIDX,NFO,5.000000,PE
42974,NIFTY,2024-08-14,25900.0,25,OPTIDX,NFO,5.000000,PE
39749,NIFTY,2024-08-14,25200.0,25,OPTIDX,NFO,5.000000,PE
39427,NIFTY,2024-08-14,22750.0,25,OPTIDX,NFO,5.000000,CE
39735,NIFTY,2024-08-14,25000.0,25,OPTIDX,NFO,5.000000,CE
39601,NIFTY,2024-08-14,23650.0,25,OPTIDX,NFO,5.000000,PE
39781,NIFTY,2024-08-14,25800.0,25,OPTIDX,NFO,5.000000,CE
39727,NIFTY,2024-08-14,24800.0,25,OPTIDX,NFO,5.000000,CE
39660,NIFTY,2024-08-14,24350.0,25,OPTIDX,NFO,5.000000,CE
46723,NIFTY,2024-08-14,26200.0,25,OPTIDX,NFO,5.000000,PE
39733,NIFTY,2024-08-14,24950.0,25,OPTIDX,NFO,5.000000,CE
39639,NIFTY,2024-08-14,24100.0,25,OPTIDX,NFO,5.000000,CE
39750,NIFTY,2024-08-14,25250.0,25,OPTIDX,NFO,5.000000,CE
40016,NIFTY,2024-08-14,25850.0,25,OPTIDX,NFO,5.000000,CE
39428,NIFTY,2024-08-14,22750.0,25,OPTIDX,NFO,5.000000,PE
39736,NIFTY,2024-08-14,25000.0,25,OPTIDX,NFO,5.000000,PE
42975,NIFTY,2024-08-14,25950.0,25,OPTIDX,NFO,5.000000,CE
39765,NIFTY,2024-08-14,25500.0,25,OPTIDX,NFO,5.000000,PE
39764,NIFTY,2024-08-14,25500.0,25,OPTIDX,NFO,5.000000,CE
39336,NIFTY,2024-08-14,22650.0,25,OPTIDX,NFO,5.000000,CE
39726,NIFTY,2024-08-14,24750.0,25,OPTIDX,NFO,5.000000,PE
51588,NIFTY,2024-08-14,26750.0,25,OPTIDX,NFO,5.000000,PE
39324,NIFTY,2024-08-14,22550.0,25,OPTIDX,NFO,5.000000,PE
39732,NIFTY,2024-08-14,24900.0,25,OPTIDX,NFO,5.000000,PE
39725,NIFTY,2024-08-14,24750.0,25,OPTIDX,NFO,5.000000,CE
39595,NIFTY,2024-08-14,23600.0,25,OPTIDX,NFO,5.000000,PE
39449,NIFTY,2024-08-14,22850.0,25,OPTIDX,NFO,5.000000,PE
51417,NIFTY,2024-08-14,26550.0,25,OPTIDX,NFO,5.000000,PE
39756,NIFTY,2024-08-14,25300.0,25,OPTIDX,NFO,5.000000,CE
39705,NIFTY,2024-08-14,24550.0,25,OPTIDX,NFO,5.000000,CE
51418,NIFTY,2024-08-14,26600.0,25,OPTIDX,NFO,5.000000,CE
45643,NIFTY,2024-08-14,26000.0,25,OPTIDX,NFO,5.000000,PE
39748,NIFTY,2024-08-14,25200.0,25,OPTIDX,NFO,5.000000,CE
39456,NIFTY,2024-08-14,23000.0,25,OPTIDX,NFO,5.000000,CE
39766,NIFTY,2024-08-14,25550.0,25,OPTIDX,NFO,5.000000,CE
50838,NIFTY,2024-08-14,26500.0,25,OPTIDX,NFO,5.000000,PE
39436,NIFTY,2024-08-14,22800.0,25,OPTIDX,NFO,5.000000,PE
39769,NIFTY,2024-08-14,25600.0,25,OPTIDX,NFO,5.000000,CE
39596,NIFTY,2024-08-14,23650.0,25,OPTIDX,NFO,5.000000,CE
39464,NIFTY,2024-08-14,23000.0,25,OPTIDX,NFO,5.000000,PE
51421,NIFTY,2024-08-14,26650.0,25,OPTIDX,NFO,5.000000,PE
39721,NIFTY,2024-08-14,24700.0,25,OPTIDX,NFO,5.000000,PE
39653,NIFTY,2024-08-14,24200.0,25,OPTIDX,NFO,5.000000,CE
39152,NIFTY,2024-08-14,22300.0,25,OPTIDX,NFO,5.000000,CE
50840,NIFTY,2024-08-14,26550.0,25,OPTIDX,NFO,5.000000,CE
39664,NIFTY,2024-08-14,24400.0,25,OPTIDX,NFO,5.000000,PE
39569,NIFTY,2024-08-14,23350.0,25,OPTIDX,NFO,5.000000,PE
39773,NIFTY,2024-08-14,25700.0,25,OPTIDX,NFO,5.000000,CE
39610,NIFTY,2024-08-14,23750.0,25,OPTIDX,NFO,5.000000,CE
42358,NIFTY,2024-08-14,25900.0,25,OPTIDX,NFO,5.000000,CE
39760,NIFTY,2024-08-14,25400.0,25,OPTIDX,NFO,5.000000,CE
51422,NIFTY,2024-08-14,26700.0,25,OPTIDX,NFO,5.000000,CE
39652,NIFTY,2024-08-14,24150.0,25,OPTIDX,NFO,5.000000,PE
51420,NIFTY,2024-08-14,26650.0,25,OPTIDX,NFO,5.000000,CE
39625,NIFTY,2024-08-14,23900.0,25,OPTIDX,NFO,5.000000,PE
39626,NIFTY,2024-08-14,23950.0,25,OPTIDX,NFO,5.000000,CE
39561,NIFTY,2024-08-14,23250.0,25,OPTIDX,NFO,5.000000,PE
39567,NIFTY,2024-08-14,23300.0,25,OPTIDX,NFO,5.000000,PE
46724,NIFTY,2024-08-14,26250.0,25,OPTIDX,NFO,5.000000,CE
48186,NIFTY,2024-08-14,26350.0,25,OPTIDX,NFO,5.000000,PE
39163,NIFTY,2024-08-14,22350.0,25,OPTIDX,NFO,5.000000,PE
39624,NIFTY,2024-08-14,23900.0,25,OPTIDX,NFO,5.000000,CE
39745,NIFTY,2024-08-14,25100.0,25,OPTIDX,NFO,5.000000,PE
45645,NIFTY,2024-08-14,26050.0,25,OPTIDX,NFO,5.000000,CE
39471,NIFTY,2024-08-14,23050.0,25,OPTIDX,NFO,5.000000,PE
39728,NIFTY,2024-08-14,24800.0,25,OPTIDX,NFO,5.000000,PE
39478,NIFTY,2024-08-14,23150.0,25,OPTIDX,NFO,5.000000,CE
39628,NIFTY,2024-08-14,24000.0,25,OPTIDX,NFO,5.000000,CE
39422,NIFTY,2024-08-14,22700.0,25,OPTIDX,NFO,5.000000,PE
47649,NIFTY,2024-08-14,26250.0,25,OPTIDX,NFO,5.000000,PE
51419,NIFTY,2024-08-14,26600.0,25,OPTIDX,NFO,5.000000,PE
39704,NIFTY,2024-08-14,24500.0,25,OPTIDX,NFO,5.000000,PE
49882,NIFTY,2024-08-14,26450.0,25,OPTIDX,NFO,5.000000,CE
39451,NIFTY,2024-08-14,22900.0,25,OPTIDX,NFO,5.000000,CE
39327,NIFTY,2024-08-14,22600.0,25,OPTIDX,NFO,5.000000,CE
39715,NIFTY,2024-08-14,24600.0,25,OPTIDX,NFO,5.000000,PE
39762,NIFTY,2024-08-14,25450.0,25,OPTIDX,NFO,5.000000,CE
39755,NIFTY,2024-08-14,25250.0,25,OPTIDX,NFO,5.000000,PE
39296,NIFTY,2024-08-14,22450.0,25,OPTIDX,NFO,5.000000,PE
39758,NIFTY,2024-08-14,25350.0,25,OPTIDX,NFO,5.000000,CE
39682,NIFTY,2024-08-14,24450.0,25,OPTIDX,NFO,5.000000,PE
45657,NIFTY,2024-08-14,26150.0,25,OPTIDX,NFO,5.000000,CE
39560,NIFTY,2024-08-14,23250.0,25,OPTIDX,NFO,5.000000,CE
39150,NIFTY,2024-08-14,22250.0,25,OPTIDX,NFO,5.000000,CE
39731,NIFTY,2024-08-14,24900.0,25,OPTIDX,NFO,5.000000,CE
39609,NIFTY,2024-08-14,23700.0,25,OPTIDX,NFO,5.000000,PE
39684,NIFTY,2024-08-14,24500.0,25,OPTIDX,NFO,5.000000,CE
39741,NIFTY,2024-08-14,25050.0,25,OPTIDX,NFO,5.000000,PE
45653,NIFTY,2024-08-14,26100.0,25,OPTIDX,NFO,5.000000,CE
47650,NIFTY,2024-08-14,26300.0,25,OPTIDX,NFO,5.000000,CE
39730,NIFTY,2024-08-14,24850.0,25,OPTIDX,NFO,5.000000,PE
39429,NIFTY,2024-08-14,22800.0,25,OPTIDX,NFO,5.000000,CE
39559,NIFTY,2024-08-14,23200.0,25,OPTIDX,NFO,5.000000,PE
39734,NIFTY,2024-08-14,24950.0,25,OPTIDX,NFO,5.000000,PE
39575,NIFTY,2024-08-14,23450.0,25,OPTIDX,NFO,5.000000,PE
39452,NIFTY,2024-08-14,22900.0,25,OPTIDX,NFO,5.000000,PE
46718,NIFTY,2024-08-14,26200.0,25,OPTIDX,NFO,5.000000,CE
39747,NIFTY,2024-08-14,25150.0,25,OPTIDX,NFO,5.000000,PE
39774,NIFTY,2024-08-14,25700.0,25,OPTIDX,NFO,5.000000,PE
39657,NIFTY,2024-08-14,24250.0,25,OPTIDX,NFO,5.000000,PE
39477,NIFTY,2024-08-14,23100.0,25,OPTIDX,NFO,5.000000,PE
39583,NIFTY,2024-08-14,23550.0,25,OPTIDX,NFO,5.000000,PE
39578,NIFTY,2024-08-14,23550.0,25,OPTIDX,NFO,5.000000,CE
39568,NIFTY,2024-08-14,23350.0,25,OPTIDX,NFO,5.000000,CE
48189,NIFTY,2024-08-14,26400.0,25,OPTIDX,NFO,5.000000,CE
39720,NIFTY,2024-08-14,24700.0,25,OPTIDX,NFO,5.000000,CE
39649,NIFTY,2024-08-14,24100.0,25,OPTIDX,NFO,5.000000,PE
39761,NIFTY,2024-08-14,25400.0,25,OPTIDX,NFO,5.000000,PE
39757,NIFTY,2024-08-14,25300.0,25,OPTIDX,NFO,5.000000,PE
39332,NIFTY,2024-08-14,22600.0,25,OPTIDX,NFO,5.000000,PE
39772,NIFTY,2024-08-14,25650.0,25,OPTIDX,NFO,5.000000,PE
39155,NIFTY,2024-08-14,22300.0,25,OPTIDX,NFO,5.000000,PE
51423,NIFTY,2024-08-14,26700.0,25,OPTIDX,NFO,5.000000,PE
39437,NIFTY,2024-08-14,22850.0,25,OPTIDX,NFO,5.000000,CE
39712,NIFTY,2024-08-14,24600.0,25,OPTIDX,NFO,5.000000,CE
39573,NIFTY,2024-08-14,23400.0,25,OPTIDX,NFO,5.000000,PE
39679,NIFTY,2024-08-14,24450.0,25,OPTIDX,NFO,5.000000,CE
39719,NIFTY,2024-08-14,24650.0,25,OPTIDX,NFO,5.000000,PE
45649,NIFTY,2024-08-14,26050.0,25,OPTIDX,NFO,5.000000,PE
39729,NIFTY,2024-08-14,24850.0,25,OPTIDX,NFO,5.000000,CE
39650,NIFTY,2024-08-14,24150.0,25,OPTIDX,NFO,5.000000,CE
39622,NIFTY,2024-08-14,23850.0,25,OPTIDX,NFO,5.000000,CE
44209,NIFTY,2024-08-14,25950.0,25,OPTIDX,NFO,5.000000,PE
39627,NIFTY,2024-08-14,23950.0,25,OPTIDX,NFO,5.000000,PE
39302,NIFTY,2024-08-14,22500.0,25,OPTIDX,NFO,5.000000,CE
39623,NIFTY,2024-08-14,23850.0,25,OPTIDX,NFO,5.000000,PE
39584,NIFTY,2024-08-14,23600.0,25,OPTIDX,NFO,5.000000,CE
39655,NIFTY,2024-08-14,24200.0,25,OPTIDX,NFO,5.000000,PE
39156,NIFTY,2024-08-14,22350.0,25,OPTIDX,NFO,5.000000,CE
47865,NIFTY,2024-08-14,26300.0,25,OPTIDX,NFO,5.000000,PE
39770,NIFTY,2024-08-14,25600.0,25,OPTIDX,NFO,5.000000,PE
39288,NIFTY,2024-08-14,22400.0,25,OPTIDX,NFO,5.000000,PE
39453,NIFTY,2024-08-14,22950.0,25,OPTIDX,NFO,5.000000,CE
39759,NIFTY,2024-08-14,25350.0,25,OPTIDX,NFO,5.000000,PE
39322,NIFTY,2024-08-14,22500.0,25,OPTIDX,NFO,5.000000,PE
39576,NIFTY,2024-08-14,23500.0,25,OPTIDX,NFO,5.000000,CE
46712,NIFTY,2024-08-14,26150.0,25,OPTIDX,NFO,5.000000,PE
39616,NIFTY,2024-08-14,23800.0,25,OPTIDX,NFO,5.000000,CE
39763,NIFTY,2024-08-14,25450.0,25,OPTIDX,NFO,5.000000,PE
39634,NIFTY,2024-08-14,24050.0,25,OPTIDX,NFO,5.000000,PE
35004,NIFTYNXT50,2024-09-27,-0.01,10,FUTIDX,NFO,5.000000,NIFTYNXTSEPFUT
35078,NIFTYNXT50,2024-08-30,-0.01,10,FUTIDX,NFO,5.000000,NIFTYNXTAUGFUT
46196,NIFTYNXT50,2024-08-30,55500.0,10,OPTIDX,NFO,5.000000,CE
46731,NIFTYNXT50,2024-08-30,63100.0,10,OPTIDX,NFO,5.000000,PE
47480,NIFTYNXT50,2024-08-30,75100.0,10,OPTIDX,NFO,5.000000,CE
47440,NIFTYNXT50,2024-08-30,74100.0,10,OPTIDX,NFO,5.000000,CE
47606,NIFTYNXT50,2024-08-30,78000.0,10,OPTIDX,NFO,5.000000,CE
47577,NIFTYNXT50,2024-08-30,77400.0,10,OPTIDX,NFO,5.000000,PE
47595,NIFTYNXT50,2024-08-30,77700.0,10,OPTIDX,NFO,5.000000,PE
47462,NIFTYNXT50,2024-08-30,74700.0,10,OPTIDX,NFO,5.000000,CE
47348,NIFTYNXT50,2024-08-30,71300.0,10,OPTIDX,NFO,5.000000,CE
46190,NIFTYNXT50,2024-08-30,54500.0,10,OPTIDX,NFO,5.000000,PE
47519,NIFTYNXT50,2024-08-30,75900.0,10,OPTIDX,NFO,5.000000,PE
47282,NIFTYNXT50,2024-08-30,69700.0,10,OPTIDX,NFO,5.000000,PE
46938,NIFTYNXT50,2024-08-30,66200.0,10,OPTIDX,NFO,5.000000,CE
46743,NIFTYNXT50,2024-08-30,63200.0,10,OPTIDX,NFO,5.000000,PE
47425,NIFTYNXT50,2024-08-30,73300.0,10,OPTIDX,NFO,5.000000,PE
47694,NIFTYNXT50,2024-08-30,80000.0,10,OPTIDX,NFO,5.000000,CE
47427,NIFTYNXT50,2024-08-30,73400.0,10,OPTIDX,NFO,5.000000,PE
47486,NIFTYNXT50,2024-08-30,75400.0,10,OPTIDX,NFO,5.000000,CE
47252,NIFTYNXT50,2024-08-30,69100.0,10,OPTIDX,NFO,5.000000,PE
47574,NIFTYNXT50,2024-08-30,77300.0,10,OPTIDX,NFO,5.000000,CE
47003,NIFTYNXT50,2024-08-30,66800.0,10,OPTIDX,NFO,5.000000,PE
46932,NIFTYNXT50,2024-08-30,66000.0,10,OPTIDX,NFO,5.000000,CE
47688,NIFTYNXT50,2024-08-30,79500.0,10,OPTIDX,NFO,5.000000,CE
46810,NIFTYNXT50,2024-08-30,64100.0,10,OPTIDX,NFO,5.000000,PE
47472,NIFTYNXT50,2024-08-30,74900.0,10,OPTIDX,NFO,5.000000,CE
46444,NIFTYNXT50,2024-08-30,58900.0,10,OPTIDX,NFO,5.000000,PE
46853,NIFTYNXT50,2024-08-30,64600.0,10,OPTIDX,NFO,5.000000,CE
46445,NIFTYNXT50,2024-08-30,59000.0,10,OPTIDX,NFO,5.000000,CE
46488,NIFTYNXT50,2024-08-30,59600.0,10,OPTIDX,NFO,5.000000,CE
47052,NIFTYNXT50,2024-08-30,67400.0,10,OPTIDX,NFO,5.000000,CE
46773,NIFTYNXT50,2024-08-30,63800.0,10,OPTIDX,NFO,5.000000,CE
47265,NIFTYNXT50,2024-08-30,69400.0,10,OPTIDX,NFO,5.000000,CE
46763,NIFTYNXT50,2024-08-30,63500.0,10,OPTIDX,NFO,5.000000,CE
47343,NIFTYNXT50,2024-08-30,71100.0,10,OPTIDX,NFO,5.000000,PE
47298,NIFTYNXT50,2024-08-30,70300.0,10,OPTIDX,NFO,5.000000,PE
46632,NIFTYNXT50,2024-08-30,61600.0,10,OPTIDX,NFO,5.000000,PE
47233,NIFTYNXT50,2024-08-30,69000.0,10,OPTIDX,NFO,5.000000,CE
46653,NIFTYNXT50,2024-08-30,61800.0,10,OPTIDX,NFO,5.000000,PE
47344,NIFTYNXT50,2024-08-30,71200.0,10,OPTIDX,NFO,5.000000,CE
46913,NIFTYNXT50,2024-08-30,65400.0,10,OPTIDX,NFO,5.000000,CE
47733,NIFTYNXT50,2024-08-30,85000.0,10,OPTIDX,NFO,5.000000,PE
47456,NIFTYNXT50,2024-08-30,74400.0,10,OPTIDX,NFO,5.000000,CE
47114,NIFTYNXT50,2024-08-30,67800.0,10,OPTIDX,NFO,5.000000,CE
46432,NIFTYNXT50,2024-08-30,58600.0,10,OPTIDX,NFO,5.000000,PE
47007,NIFTYNXT50,2024-08-30,66900.0,10,OPTIDX,NFO,5.000000,PE
46702,NIFTYNXT50,2024-08-30,62600.0,10,OPTIDX,NFO,5.000000,CE
46847,NIFTYNXT50,2024-08-30,64300.0,10,OPTIDX,NFO,5.000000,PE
46500,NIFTYNXT50,2024-08-30,59800.0,10,OPTIDX,NFO,5.000000,PE
47483,NIFTYNXT50,2024-08-30,75200.0,10,OPTIDX,NFO,5.000000,PE
46177,NIFTYNXT50,2024-08-30,54000.0,10,OPTIDX,NFO,5.000000,CE
47566,NIFTYNXT50,2024-08-30,77200.0,10,OPTIDX,NFO,5.000000,CE
46949,NIFTYNXT50,2024-08-30,66400.0,10,OPTIDX,NFO,5.000000,CE
47460,NIFTYNXT50,2024-08-30,74600.0,10,OPTIDX,NFO,5.000000,CE
46454,NIFTYNXT50,2024-08-30,59300.0,10,OPTIDX,NFO,5.000000,CE
46758,NIFTYNXT50,2024-08-30,63400.0,10,OPTIDX,NFO,5.000000,PE
47369,NIFTYNXT50,2024-08-30,71900.0,10,OPTIDX,NFO,5.000000,PE
47363,NIFTYNXT50,2024-08-30,71700.0,10,OPTIDX,NFO,5.000000,CE
46852,NIFTYNXT50,2024-08-30,64500.0,10,OPTIDX,NFO,5.000000,PE
46925,NIFTYNXT50,2024-08-30,65800.0,10,OPTIDX,NFO,5.000000,PE
47359,NIFTYNXT50,2024-08-30,71500.0,10,OPTIDX,NFO,5.000000,PE
47487,NIFTYNXT50,2024-08-30,75400.0,10,OPTIDX,NFO,5.000000,PE
47347,NIFTYNXT50,2024-08-30,71200.0,10,OPTIDX,NFO,5.000000,PE
46745,NIFTYNXT50,2024-08-30,63300.0,10,OPTIDX,NFO,5.000000,PE
47202,NIFTYNXT50,2024-08-30,68400.0,10,OPTIDX,NFO,5.000000,PE
46765,NIFTYNXT50,2024-08-30,63600.0,10,OPTIDX,NFO,5.000000,CE
47576,NIFTYNXT50,2024-08-30,77400.0,10,OPTIDX,NFO,5.000000,CE
47088,NIFTYNXT50,2024-08-30,67600.0,10,OPTIDX,NFO,5.000000,CE
47400,NIFTYNXT50,2024-08-30,72800.0,10,OPTIDX,NFO,5.000000,CE
47294,NIFTYNXT50,2024-08-30,70100.0,10,OPTIDX,NFO,5.000000,PE
47290,NIFTYNXT50,2024-08-30,69900.0,10,OPTIDX,NFO,5.000000,PE
47447,NIFTYNXT50,2024-08-30,74200.0,10,OPTIDX,NFO,5.000000,PE
47527,NIFTYNXT50,2024-08-30,76200.0,10,OPTIDX,NFO,5.000000,PE
47461,NIFTYNXT50,2024-08-30,74600.0,10,OPTIDX,NFO,5.000000,PE
47723,NIFTYNXT50,2024-08-30,83500.0,10,OPTIDX,NFO,5.000000,PE
46848,NIFTYNXT50,2024-08-30,64400.0,10,OPTIDX,NFO,5.000000,CE
47457,NIFTYNXT50,2024-08-30,74400.0,10,OPTIDX,NFO,5.000000,PE
46705,NIFTYNXT50,2024-08-30,62700.0,10,OPTIDX,NFO,5.000000,CE
47578,NIFTYNXT50,2024-08-30,77500.0,10,OPTIDX,NFO,5.000000,CE
46622,NIFTYNXT50,2024-08-30,61400.0,10,OPTIDX,NFO,5.000000,PE
47432,NIFTYNXT50,2024-08-30,73700.0,10,OPTIDX,NFO,5.000000,CE
47415,NIFTYNXT50,2024-08-30,73100.0,10,OPTIDX,NFO,5.000000,PE
47724,NIFTYNXT50,2024-08-30,84000.0,10,OPTIDX,NFO,5.000000,CE
46241,NIFTYNXT50,2024-08-30,56500.0,10,OPTIDX,NFO,5.000000,PE
47523,NIFTYNXT50,2024-08-30,76100.0,10,OPTIDX,NFO,5.000000,PE
47393,NIFTYNXT50,2024-08-30,72500.0,10,OPTIDX,NFO,5.000000,PE
47556,NIFTYNXT50,2024-08-30,77000.0,10,OPTIDX,NFO,5.000000,CE
47555,NIFTYNXT50,2024-08-30,76900.0,10,OPTIDX,NFO,5.000000,PE
47384,NIFTYNXT50,2024-08-30,72200.0,10,OPTIDX,NFO,5.000000,PE
47430,NIFTYNXT50,2024-08-30,73600.0,10,OPTIDX,NFO,5.000000,CE
47693,NIFTYNXT50,2024-08-30,79500.0,10,OPTIDX,NFO,5.000000,PE
46945,NIFTYNXT50,2024-08-30,66200.0,10,OPTIDX,NFO,5.000000,PE
46265,NIFTYNXT50,2024-08-30,57000.0,10,OPTIDX,NFO,5.000000,PE
47597,NIFTYNXT50,2024-08-30,77800.0,10,OPTIDX,NFO,5.000000,PE
47506,NIFTYNXT50,2024-08-30,75900.0,10,OPTIDX,NFO,5.000000,CE
47598,NIFTYNXT50,2024-08-30,77900.0,10,OPTIDX,NFO,5.000000,CE
47293,NIFTYNXT50,2024-08-30,70100.0,10,OPTIDX,NFO,5.000000,CE
47429,NIFTYNXT50,2024-08-30,73500.0,10,OPTIDX,NFO,5.000000,PE
46633,NIFTYNXT50,2024-08-30,61700.0,10,OPTIDX,NFO,5.000000,CE
46392,NIFTYNXT50,2024-08-30,58000.0,10,OPTIDX,NFO,5.000000,PE
47613,NIFTYNXT50,2024-08-30,78300.0,10,OPTIDX,NFO,5.000000,CE
46428,NIFTYNXT50,2024-08-30,58600.0,10,OPTIDX,NFO,5.000000,CE
47277,NIFTYNXT50,2024-08-30,69700.0,10,OPTIDX,NFO,5.000000,CE
46215,NIFTYNXT50,2024-08-30,56000.0,10,OPTIDX,NFO,5.000000,CE
46811,NIFTYNXT50,2024-08-30,64200.0,10,OPTIDX,NFO,5.000000,CE
47296,NIFTYNXT50,2024-08-30,70200.0,10,OPTIDX,NFO,5.000000,PE
46697,NIFTYNXT50,2024-08-30,62400.0,10,OPTIDX,NFO,5.000000,PE
47158,NIFTYNXT50,2024-08-30,68000.0,10,OPTIDX,NFO,5.000000,CE
47557,NIFTYNXT50,2024-08-30,77000.0,10,OPTIDX,NFO,5.000000,PE
47268,NIFTYNXT50,2024-08-30,69400.0,10,OPTIDX,NFO,5.000000,PE
47658,NIFTYNXT50,2024-08-30,78700.0,10,OPTIDX,NFO,5.000000,PE
47316,NIFTYNXT50,2024-08-30,70500.0,10,OPTIDX,NFO,5.000000,PE
47633,NIFTYNXT50,2024-08-30,78300.0,10,OPTIDX,NFO,5.000000,PE
47709,NIFTYNXT50,2024-08-30,82000.0,10,OPTIDX,NFO,5.000000,PE
46497,NIFTYNXT50,2024-08-30,59700.0,10,OPTIDX,NFO,5.000000,PE
47317,NIFTYNXT50,2024-08-30,70600.0,10,OPTIDX,NFO,5.000000,CE
47416,NIFTYNXT50,2024-08-30,73200.0,10,OPTIDX,NFO,5.000000,CE
47249,NIFTYNXT50,2024-08-30,69100.0,10,OPTIDX,NFO,5.000000,CE
46856,NIFTYNXT50,2024-08-30,64600.0,10,OPTIDX,NFO,5.000000,PE
46917,NIFTYNXT50,2024-08-30,65600.0,10,OPTIDX,NFO,5.000000,CE
47565,NIFTYNXT50,2024-08-30,77100.0,10,OPTIDX,NFO,5.000000,PE
47732,NIFTYNXT50,2024-08-30,85000.0,10,OPTIDX,NFO,5.000000,CE
47534,NIFTYNXT50,2024-08-30,76500.0,10,OPTIDX,NFO,5.000000,CE
47164,NIFTYNXT50,2024-08-30,68200.0,10,OPTIDX,NFO,5.000000,CE
47399,NIFTYNXT50,2024-08-30,72700.0,10,OPTIDX,NFO,5.000000,PE
47353,NIFTYNXT50,2024-08-30,71400.0,10,OPTIDX,NFO,5.000000,CE
46490,NIFTYNXT50,2024-08-30,59600.0,10,OPTIDX,NFO,5.000000,PE
47145,NIFTYNXT50,2024-08-30,67900.0,10,OPTIDX,NFO,5.000000,CE
46197,NIFTYNXT50,2024-08-30,55500.0,10,OPTIDX,NFO,5.000000,PE
46764,NIFTYNXT50,2024-08-30,63500.0,10,OPTIDX,NFO,5.000000,PE
46455,NIFTYNXT50,2024-08-30,59300.0,10,OPTIDX,NFO,5.000000,PE
46424,NIFTYNXT50,2024-08-30,58500.0,10,OPTIDX,NFO,5.000000,CE
46452,NIFTYNXT50,2024-08-30,59200.0,10,OPTIDX,NFO,5.000000,CE
47551,NIFTYNXT50,2024-08-30,76700.0,10,OPTIDX,NFO,5.000000,PE
46437,NIFTYNXT50,2024-08-30,58900.0,10,OPTIDX,NFO,5.000000,CE
47575,NIFTYNXT50,2024-08-30,77300.0,10,OPTIDX,NFO,5.000000,PE
47051,NIFTYNXT50,2024-08-30,67300.0,10,OPTIDX,NFO,5.000000,PE
47289,NIFTYNXT50,2024-08-30,69900.0,10,OPTIDX,NFO,5.000000,CE
46659,NIFTYNXT50,2024-08-30,61900.0,10,OPTIDX,NFO,5.000000,PE
47270,NIFTYNXT50,2024-08-30,69500.0,10,OPTIDX,NFO,5.000000,PE
46670,NIFTYNXT50,2024-08-30,62200.0,10,OPTIDX,NFO,5.000000,PE
47254,NIFTYNXT50,2024-08-30,69200.0,10,OPTIDX,NFO,5.000000,PE
47009,NIFTYNXT50,2024-08-30,67000.0,10,OPTIDX,NFO,5.000000,PE
47069,NIFTYNXT50,2024-08-30,67400.0,10,OPTIDX,NFO,5.000000,PE
47367,NIFTYNXT50,2024-08-30,71900.0,10,OPTIDX,NFO,5.000000,CE
46807,NIFTYNXT50,2024-08-30,64000.0,10,OPTIDX,NFO,5.000000,CE
46447,NIFTYNXT50,2024-08-30,59100.0,10,OPTIDX,NFO,5.000000,CE
47580,NIFTYNXT50,2024-08-30,77600.0,10,OPTIDX,NFO,5.000000,CE
46981,NIFTYNXT50,2024-08-30,66600.0,10,OPTIDX,NFO,5.000000,PE
47299,NIFTYNXT50,2024-08-30,70400.0,10,OPTIDX,NFO,5.000000,CE
46191,NIFTYNXT50,2024-08-30,55000.0,10,OPTIDX,NFO,5.000000,CE
47373,NIFTYNXT50,2024-08-30,72100.0,10,OPTIDX,NFO,5.000000,PE
47283,NIFTYNXT50,2024-08-30,69800.0,10,OPTIDX,NFO,5.000000,CE
47459,NIFTYNXT50,2024-08-30,74500.0,10,OPTIDX,NFO,5.000000,PE
47231,NIFTYNXT50,2024-08-30,68900.0,10,OPTIDX,NFO,5.000000,CE
46661,NIFTYNXT50,2024-08-30,62000.0,10,OPTIDX,NFO,5.000000,PE
46934,NIFTYNXT50,2024-08-30,66100.0,10,OPTIDX,NFO,5.000000,CE
46952,NIFTYNXT50,2024-08-30,66500.0,10,OPTIDX,NFO,5.000000,CE
46911,NIFTYNXT50,2024-08-30,65300.0,10,OPTIDX,NFO,5.000000,CE
47226,NIFTYNXT50,2024-08-30,68700.0,10,OPTIDX,NFO,5.000000,PE
46660,NIFTYNXT50,2024-08-30,62000.0,10,OPTIDX,NFO,5.000000,CE
46630,NIFTYNXT50,2024-08-30,61500.0,10,OPTIDX,NFO,5.000000,PE
47471,NIFTYNXT50,2024-08-30,74800.0,10,OPTIDX,NFO,5.000000,PE
47522,NIFTYNXT50,2024-08-30,76100.0,10,OPTIDX,NFO,5.000000,CE
46933,NIFTYNXT50,2024-08-30,66000.0,10,OPTIDX,NFO,5.000000,PE
47370,NIFTYNXT50,2024-08-30,72000.0,10,OPTIDX,NFO,5.000000,CE
46732,NIFTYNXT50,2024-08-30,63200.0,10,OPTIDX,NFO,5.000000,CE
46523,NIFTYNXT50,2024-08-30,60200.0,10,OPTIDX,NFO,5.000000,PE
47163,NIFTYNXT50,2024-08-30,68100.0,10,OPTIDX,NFO,5.000000,PE
47485,NIFTYNXT50,2024-08-30,75300.0,10,OPTIDX,NFO,5.000000,PE
46767,NIFTYNXT50,2024-08-30,63700.0,10,OPTIDX,NFO,5.000000,CE
46435,NIFTYNXT50,2024-08-30,58800.0,10,OPTIDX,NFO,5.000000,CE
46884,NIFTYNXT50,2024-08-30,64900.0,10,OPTIDX,NFO,5.000000,CE
47488,NIFTYNXT50,2024-08-30,75500.0,10,OPTIDX,NFO,5.000000,CE
46580,NIFTYNXT50,2024-08-30,60900.0,10,OPTIDX,NFO,5.000000,PE
47706,NIFTYNXT50,2024-08-30,81500.0,10,OPTIDX,NFO,5.000000,CE
46487,NIFTYNXT50,2024-08-30,59500.0,10,OPTIDX,NFO,5.000000,PE
47670,NIFTYNXT50,2024-08-30,79000.0,10,OPTIDX,NFO,5.000000,CE
47157,NIFTYNXT50,2024-08-30,67900.0,10,OPTIDX,NFO,5.000000,PE
47389,NIFTYNXT50,2024-08-30,72300.0,10,OPTIDX,NFO,5.000000,PE
46784,NIFTYNXT50,2024-08-30,63800.0,10,OPTIDX,NFO,5.000000,PE
46262,NIFTYNXT50,2024-08-30,57000.0,10,OPTIDX,NFO,5.000000,CE
46631,NIFTYNXT50,2024-08-30,61600.0,10,OPTIDX,NFO,5.000000,CE
47505,NIFTYNXT50,2024-08-30,75800.0,10,OPTIDX,NFO,5.000000,PE
46187,NIFTYNXT50,2024-08-30,54500.0,10,OPTIDX,NFO,5.000000,CE
47292,NIFTYNXT50,2024-08-30,70000.0,10,OPTIDX,NFO,5.000000,PE
47372,NIFTYNXT50,2024-08-30,72100.0,10,OPTIDX,NFO,5.000000,CE
46704,NIFTYNXT50,2024-08-30,62600.0,10,OPTIDX,NFO,5.000000,PE
46689,NIFTYNXT50,2024-08-30,62400.0,10,OPTIDX,NFO,5.000000,CE
46240,NIFTYNXT50,2024-08-30,56500.0,10,OPTIDX,NFO,5.000000,CE
47217,NIFTYNXT50,2024-08-30,68600.0,10,OPTIDX,NFO,5.000000,PE
46809,NIFTYNXT50,2024-08-30,64100.0,10,OPTIDX,NFO,5.000000,CE
47301,NIFTYNXT50,2024-08-30,70500.0,10,OPTIDX,NFO,5.000000,CE
46744,NIFTYNXT50,2024-08-30,63300.0,10,OPTIDX,NFO,5.000000,CE
47398,NIFTYNXT50,2024-08-30,72700.0,10,OPTIDX,NFO,5.000000,CE
47699,NIFTYNXT50,2024-08-30,80500.0,10,OPTIDX,NFO,5.000000,PE
46719,NIFTYNXT50,2024-08-30,62900.0,10,OPTIDX,NFO,5.000000,PE
47437,NIFTYNXT50,2024-08-30,73900.0,10,OPTIDX,NFO,5.000000,PE
47700,NIFTYNXT50,2024-08-30,81000.0,10,OPTIDX,NFO,5.000000,CE
47502,NIFTYNXT50,2024-08-30,75700.0,10,OPTIDX,NFO,5.000000,PE
47325,NIFTYNXT50,2024-08-30,71000.0,10,OPTIDX,NFO,5.000000,CE
47201,NIFTYNXT50,2024-08-30,68400.0,10,OPTIDX,NFO,5.000000,CE
46522,NIFTYNXT50,2024-08-30,60200.0,10,OPTIDX,NFO,5.000000,CE
46652,NIFTYNXT50,2024-08-30,61800.0,10,OPTIDX,NFO,5.000000,CE
46899,NIFTYNXT50,2024-08-30,65200.0,10,OPTIDX,NFO,5.000000,CE
47541,NIFTYNXT50,2024-08-30,76600.0,10,OPTIDX,NFO,5.000000,PE
46285,NIFTYNXT50,2024-08-30,57500.0,10,OPTIDX,NFO,5.000000,PE
47324,NIFTYNXT50,2024-08-30,70900.0,10,OPTIDX,NFO,5.000000,PE
47520,NIFTYNXT50,2024-08-30,76000.0,10,OPTIDX,NFO,5.000000,CE
47500,NIFTYNXT50,2024-08-30,75700.0,10,OPTIDX,NFO,5.000000,CE
46930,NIFTYNXT50,2024-08-30,65900.0,10,OPTIDX,NFO,5.000000,CE
46381,NIFTYNXT50,2024-08-30,58000.0,10,OPTIDX,NFO,5.000000,CE
46948,NIFTYNXT50,2024-08-30,66300.0,10,OPTIDX,NFO,5.000000,PE
46477,NIFTYNXT50,2024-08-30,59400.0,10,OPTIDX,NFO,5.000000,CE
46427,NIFTYNXT50,2024-08-30,58500.0,10,OPTIDX,NFO,5.000000,PE
46578,NIFTYNXT50,2024-08-30,60800.0,10,OPTIDX,NFO,5.000000,PE
46946,NIFTYNXT50,2024-08-30,66300.0,10,OPTIDX,NFO,5.000000,CE
46509,NIFTYNXT50,2024-08-30,60000.0,10,OPTIDX,NFO,5.000000,PE
47607,NIFTYNXT50,2024-08-30,78000.0,10,OPTIDX,NFO,5.000000,PE
47321,NIFTYNXT50,2024-08-30,70800.0,10,OPTIDX,NFO,5.000000,CE
46921,NIFTYNXT50,2024-08-30,65700.0,10,OPTIDX,NFO,5.000000,CE
46536,NIFTYNXT50,2024-08-30,60400.0,10,OPTIDX,NFO,5.000000,PE
47207,NIFTYNXT50,2024-08-30,68600.0,10,OPTIDX,NFO,5.000000,CE
47255,NIFTYNXT50,2024-08-30,69300.0,10,OPTIDX,NFO,5.000000,CE
47352,NIFTYNXT50,2024-08-30,71300.0,10,OPTIDX,NFO,5.000000,PE
47711,NIFTYNXT50,2024-08-30,82500.0,10,OPTIDX,NFO,5.000000,PE
47726,NIFTYNXT50,2024-08-30,84500.0,10,OPTIDX,NFO,5.000000,CE
47428,NIFTYNXT50,2024-08-30,73500.0,10,OPTIDX,NFO,5.000000,CE
47499,NIFTYNXT50,2024-08-30,75600.0,10,OPTIDX,NFO,5.000000,PE
46898,NIFTYNXT50,2024-08-30,65100.0,10,OPTIDX,NFO,5.000000,PE
46664,NIFTYNXT50,2024-08-30,62100.0,10,OPTIDX,NFO,5.000000,PE
47593,NIFTYNXT50,2024-08-30,77600.0,10,OPTIDX,NFO,5.000000,PE
47705,NIFTYNXT50,2024-08-30,81000.0,10,OPTIDX,NFO,5.000000,PE
46706,NIFTYNXT50,2024-08-30,62700.0,10,OPTIDX,NFO,5.000000,PE
47413,NIFTYNXT50,2024-08-30,73000.0,10,OPTIDX,NFO,5.000000,PE
46919,NIFTYNXT50,2024-08-30,65600.0,10,OPTIDX,NFO,5.000000,PE
47713,NIFTYNXT50,2024-08-30,83000.0,10,OPTIDX,NFO,5.000000,PE
46717,NIFTYNXT50,2024-08-30,62900.0,10,OPTIDX,NFO,5.000000,CE
46502,NIFTYNXT50,2024-08-30,59900.0,10,OPTIDX,NFO,5.000000,PE
46808,NIFTYNXT50,2024-08-30,64000.0,10,OPTIDX,NFO,5.000000,PE
47722,NIFTYNXT50,2024-08-30,83500.0,10,OPTIDX,NFO,5.000000,CE
47288,NIFTYNXT50,2024-08-30,69800.0,10,OPTIDX,NFO,5.000000,PE
47365,NIFTYNXT50,2024-08-30,71800.0,10,OPTIDX,NFO,5.000000,CE
46609,NIFTYNXT50,2024-08-30,61300.0,10,OPTIDX,NFO,5.000000,CE
46935,NIFTYNXT50,2024-08-30,66100.0,10,OPTIDX,NFO,5.000000,PE
47230,NIFTYNXT50,2024-08-30,68800.0,10,OPTIDX,NFO,5.000000,PE
47728,NIFTYNXT50,2024-08-30,84500.0,10,OPTIDX,NFO,5.000000,PE
46451,NIFTYNXT50,2024-08-30,59100.0,10,OPTIDX,NFO,5.000000,PE
46916,NIFTYNXT50,2024-08-30,65500.0,10,OPTIDX,NFO,5.000000,PE
47391,NIFTYNXT50,2024-08-30,72400.0,10,OPTIDX,NFO,5.000000,PE
46482,NIFTYNXT50,2024-08-30,59500.0,10,OPTIDX,NFO,5.000000,CE
46897,NIFTYNXT50,2024-08-30,65100.0,10,OPTIDX,NFO,5.000000,CE
46649,NIFTYNXT50,2024-08-30,61700.0,10,OPTIDX,NFO,5.000000,PE
46885,NIFTYNXT50,2024-08-30,64900.0,10,OPTIDX,NFO,5.000000,PE
47360,NIFTYNXT50,2024-08-30,71600.0,10,OPTIDX,NFO,5.000000,CE
46766,NIFTYNXT50,2024-08-30,63600.0,10,OPTIDX,NFO,5.000000,PE
47203,NIFTYNXT50,2024-08-30,68500.0,10,OPTIDX,NFO,5.000000,CE
47528,NIFTYNXT50,2024-08-30,76300.0,10,OPTIDX,NFO,5.000000,CE
46434,NIFTYNXT50,2024-08-30,58700.0,10,OPTIDX,NFO,5.000000,PE
46284,NIFTYNXT50,2024-08-30,57500.0,10,OPTIDX,NFO,5.000000,CE
47013,NIFTYNXT50,2024-08-30,67100.0,10,OPTIDX,NFO,5.000000,PE
46539,NIFTYNXT50,2024-08-30,60500.0,10,OPTIDX,NFO,5.000000,CE
46533,NIFTYNXT50,2024-08-30,60300.0,10,OPTIDX,NFO,5.000000,PE
47725,NIFTYNXT50,2024-08-30,84000.0,10,OPTIDX,NFO,5.000000,PE
46579,NIFTYNXT50,2024-08-30,60900.0,10,OPTIDX,NFO,5.000000,CE
46629,NIFTYNXT50,2024-08-30,61500.0,10,OPTIDX,NFO,5.000000,CE
46983,NIFTYNXT50,2024-08-30,66700.0,10,OPTIDX,NFO,5.000000,PE
46572,NIFTYNXT50,2024-08-30,60700.0,10,OPTIDX,NFO,5.000000,CE
47072,NIFTYNXT50,2024-08-30,67500.0,10,OPTIDX,NFO,5.000000,CE
47403,NIFTYNXT50,2024-08-30,72900.0,10,OPTIDX,NFO,5.000000,CE
47269,NIFTYNXT50,2024-08-30,69500.0,10,OPTIDX,NFO,5.000000,CE
47609,NIFTYNXT50,2024-08-30,78100.0,10,OPTIDX,NFO,5.000000,PE
46950,NIFTYNXT50,2024-08-30,66400.0,10,OPTIDX,NFO,5.000000,PE
46785,NIFTYNXT50,2024-08-30,63900.0,10,OPTIDX,NFO,5.000000,CE
46906,NIFTYNXT50,2024-08-30,65200.0,10,OPTIDX,NFO,5.000000,PE
46526,NIFTYNXT50,2024-08-30,60300.0,10,OPTIDX,NFO,5.000000,CE
46850,NIFTYNXT50,2024-08-30,64400.0,10,OPTIDX,NFO,5.000000,PE
46594,NIFTYNXT50,2024-08-30,61000.0,10,OPTIDX,NFO,5.000000,PE
46422,NIFTYNXT50,2024-08-30,58400.0,10,OPTIDX,NFO,5.000000,CE
47444,NIFTYNXT50,2024-08-30,74200.0,10,OPTIDX,NFO,5.000000,CE
46654,NIFTYNXT50,2024-08-30,61900.0,10,OPTIDX,NFO,5.000000,CE
47484,NIFTYNXT50,2024-08-30,75300.0,10,OPTIDX,NFO,5.000000,CE
46922,NIFTYNXT50,2024-08-30,65700.0,10,OPTIDX,NFO,5.000000,PE
47227,NIFTYNXT50,2024-08-30,68800.0,10,OPTIDX,NFO,5.000000,CE
47660,NIFTYNXT50,2024-08-30,78800.0,10,OPTIDX,NFO,5.000000,PE
47638,NIFTYNXT50,2024-08-30,78500.0,10,OPTIDX,NFO,5.000000,CE
47554,NIFTYNXT50,2024-08-30,76900.0,10,OPTIDX,NFO,5.000000,CE
46708,NIFTYNXT50,2024-08-30,62800.0,10,OPTIDX,NFO,5.000000,PE
47050,NIFTYNXT50,2024-08-30,67300.0,10,OPTIDX,NFO,5.000000,CE
47659,NIFTYNXT50,2024-08-30,78800.0,10,OPTIDX,NFO,5.000000,CE
47433,NIFTYNXT50,2024-08-30,73700.0,10,OPTIDX,NFO,5.000000,PE
47162,NIFTYNXT50,2024-08-30,68100.0,10,OPTIDX,NFO,5.000000,CE
46768,NIFTYNXT50,2024-08-30,63700.0,10,OPTIDX,NFO,5.000000,PE
47552,NIFTYNXT50,2024-08-30,76800.0,10,OPTIDX,NFO,5.000000,CE
46575,NIFTYNXT50,2024-08-30,60800.0,10,OPTIDX,NFO,5.000000,CE
47049,NIFTYNXT50,2024-08-30,67200.0,10,OPTIDX,NFO,5.000000,PE
47291,NIFTYNXT50,2024-08-30,70000.0,10,OPTIDX,NFO,5.000000,CE
46707,NIFTYNXT50,2024-08-30,62800.0,10,OPTIDX,NFO,5.000000,CE
46607,NIFTYNXT50,2024-08-30,61200.0,10,OPTIDX,NFO,5.000000,CE
47422,NIFTYNXT50,2024-08-30,73300.0,10,OPTIDX,NFO,5.000000,CE
47008,NIFTYNXT50,2024-08-30,67000.0,10,OPTIDX,NFO,5.000000,CE
47330,NIFTYNXT50,2024-08-30,71000.0,10,OPTIDX,NFO,5.000000,PE
47533,NIFTYNXT50,2024-08-30,76400.0,10,OPTIDX,NFO,5.000000,PE
47297,NIFTYNXT50,2024-08-30,70300.0,10,OPTIDX,NFO,5.000000,CE
47455,NIFTYNXT50,2024-08-30,74300.0,10,OPTIDX,NFO,5.000000,PE
47364,NIFTYNXT50,2024-08-30,71700.0,10,OPTIDX,NFO,5.000000,PE
47558,NIFTYNXT50,2024-08-30,77100.0,10,OPTIDX,NFO,5.000000,CE
47673,NIFTYNXT50,2024-08-30,79000.0,10,OPTIDX,NFO,5.000000,PE
46195,NIFTYNXT50,2024-08-30,55000.0,10,OPTIDX,NFO,5.000000,PE
47077,NIFTYNXT50,2024-08-30,67500.0,10,OPTIDX,NFO,5.000000,PE
46621,NIFTYNXT50,2024-08-30,61400.0,10,OPTIDX,NFO,5.000000,CE
46851,NIFTYNXT50,2024-08-30,64500.0,10,OPTIDX,NFO,5.000000,CE
47478,NIFTYNXT50,2024-08-30,75000.0,10,OPTIDX,NFO,5.000000,CE
46517,NIFTYNXT50,2024-08-30,60100.0,10,OPTIDX,NFO,5.000000,PE
47200,NIFTYNXT50,2024-08-30,68300.0,10,OPTIDX,NFO,5.000000,PE
46560,NIFTYNXT50,2024-08-30,60500.0,10,OPTIDX,NFO,5.000000,PE
47654,NIFTYNXT50,2024-08-30,78600.0,10,OPTIDX,NFO,5.000000,CE
47390,NIFTYNXT50,2024-08-30,72400.0,10,OPTIDX,NFO,5.000000,CE
47012,NIFTYNXT50,2024-08-30,67100.0,10,OPTIDX,NFO,5.000000,CE
47479,NIFTYNXT50,2024-08-30,75000.0,10,OPTIDX,NFO,5.000000,PE
46453,NIFTYNXT50,2024-08-30,59200.0,10,OPTIDX,NFO,5.000000,PE
47697,NIFTYNXT50,2024-08-30,80000.0,10,OPTIDX,NFO,5.000000,PE
47477,NIFTYNXT50,2024-08-30,74900.0,10,OPTIDX,NFO,5.000000,PE
47112,NIFTYNXT50,2024-08-30,67700.0,10,OPTIDX,NFO,5.000000,CE
46423,NIFTYNXT50,2024-08-30,58400.0,10,OPTIDX,NFO,5.000000,PE
47386,NIFTYNXT50,2024-08-30,72300.0,10,OPTIDX,NFO,5.000000,CE
46498,NIFTYNXT50,2024-08-30,59800.0,10,OPTIDX,NFO,5.000000,CE
47264,NIFTYNXT50,2024-08-30,69300.0,10,OPTIDX,NFO,5.000000,PE
47438,NIFTYNXT50,2024-08-30,74000.0,10,OPTIDX,NFO,5.000000,CE
46721,NIFTYNXT50,2024-08-30,63000.0,10,OPTIDX,NFO,5.000000,PE
47320,NIFTYNXT50,2024-08-30,70700.0,10,OPTIDX,NFO,5.000000,PE
47608,NIFTYNXT50,2024-08-30,78100.0,10,OPTIDX,NFO,5.000000,CE
46608,NIFTYNXT50,2024-08-30,61200.0,10,OPTIDX,NFO,5.000000,PE
47426,NIFTYNXT50,2024-08-30,73400.0,10,OPTIDX,NFO,5.000000,CE
47503,NIFTYNXT50,2024-08-30,75800.0,10,OPTIDX,NFO,5.000000,CE
47466,NIFTYNXT50,2024-08-30,74800.0,10,OPTIDX,NFO,5.000000,CE
47318,NIFTYNXT50,2024-08-30,70600.0,10,OPTIDX,NFO,5.000000,PE
47323,NIFTYNXT50,2024-08-30,70900.0,10,OPTIDX,NFO,5.000000,CE
47358,NIFTYNXT50,2024-08-30,71500.0,10,OPTIDX,NFO,5.000000,CE
47655,NIFTYNXT50,2024-08-30,78600.0,10,OPTIDX,NFO,5.000000,PE
47366,NIFTYNXT50,2024-08-30,71800.0,10,OPTIDX,NFO,5.000000,PE
46979,NIFTYNXT50,2024-08-30,66500.0,10,OPTIDX,NFO,5.000000,PE
46804,NIFTYNXT50,2024-08-30,63900.0,10,OPTIDX,NFO,5.000000,PE
46876,NIFTYNXT50,2024-08-30,64700.0,10,OPTIDX,NFO,5.000000,PE
47421,NIFTYNXT50,2024-08-30,73200.0,10,OPTIDX,NFO,5.000000,PE
47322,NIFTYNXT50,2024-08-30,70800.0,10,OPTIDX,NFO,5.000000,PE
47170,NIFTYNXT50,2024-08-30,68300.0,10,OPTIDX,NFO,5.000000,CE
46681,NIFTYNXT50,2024-08-30,62300.0,10,OPTIDX,NFO,5.000000,CE
47218,NIFTYNXT50,2024-08-30,68700.0,10,OPTIDX,NFO,5.000000,CE
47401,NIFTYNXT50,2024-08-30,72800.0,10,OPTIDX,NFO,5.000000,PE
46896,NIFTYNXT50,2024-08-30,65000.0,10,OPTIDX,NFO,5.000000,PE
47458,NIFTYNXT50,2024-08-30,74500.0,10,OPTIDX,NFO,5.000000,CE
47497,NIFTYNXT50,2024-08-30,75500.0,10,OPTIDX,NFO,5.000000,PE
47573,NIFTYNXT50,2024-08-30,77200.0,10,OPTIDX,NFO,5.000000,PE
47371,NIFTYNXT50,2024-08-30,72000.0,10,OPTIDX,NFO,5.000000,PE
47712,NIFTYNXT50,2024-08-30,83000.0,10,OPTIDX,NFO,5.000000,CE
46433,NIFTYNXT50,2024-08-30,58700.0,10,OPTIDX,NFO,5.000000,CE
46581,NIFTYNXT50,2024-08-30,61000.0,10,OPTIDX,NFO,5.000000,CE
46720,NIFTYNXT50,2024-08-30,63000.0,10,OPTIDX,NFO,5.000000,CE
46887,NIFTYNXT50,2024-08-30,65000.0,10,OPTIDX,NFO,5.000000,CE
46595,NIFTYNXT50,2024-08-30,61100.0,10,OPTIDX,NFO,5.000000,CE
47434,NIFTYNXT50,2024-08-30,73800.0,10,OPTIDX,NFO,5.000000,CE
46914,NIFTYNXT50,2024-08-30,65400.0,10,OPTIDX,NFO,5.000000,PE
47030,NIFTYNXT50,2024-08-30,67200.0,10,OPTIDX,NFO,5.000000,CE
46982,NIFTYNXT50,2024-08-30,66700.0,10,OPTIDX,NFO,5.000000,CE
46534,NIFTYNXT50,2024-08-30,60400.0,10,OPTIDX,NFO,5.000000,CE
46401,NIFTYNXT50,2024-08-30,58300.0,10,OPTIDX,NFO,5.000000,CE
46620,NIFTYNXT50,2024-08-30,61300.0,10,OPTIDX,NFO,5.000000,PE
47579,NIFTYNXT50,2024-08-30,77500.0,10,OPTIDX,NFO,5.000000,PE
47540,NIFTYNXT50,2024-08-30,76600.0,10,OPTIDX,NFO,5.000000,CE
46184,NIFTYNXT50,2024-08-30,54000.0,10,OPTIDX,NFO,5.000000,PE
47465,NIFTYNXT50,2024-08-30,74700.0,10,OPTIDX,NFO,5.000000,PE
46510,NIFTYNXT50,2024-08-30,60100.0,10,OPTIDX,NFO,5.000000,CE
47409,NIFTYNXT50,2024-08-30,72900.0,10,OPTIDX,NFO,5.000000,PE
47596,NIFTYNXT50,2024-08-30,77800.0,10,OPTIDX,NFO,5.000000,CE
46561,NIFTYNXT50,2024-08-30,60600.0,10,OPTIDX,NFO,5.000000,CE
47161,NIFTYNXT50,2024-08-30,68000.0,10,OPTIDX,NFO,5.000000,PE
46878,NIFTYNXT50,2024-08-30,64800.0,10,OPTIDX,NFO,5.000000,CE
47395,NIFTYNXT50,2024-08-30,72600.0,10,OPTIDX,NFO,5.000000,CE
47524,NIFTYNXT50,2024-08-30,76200.0,10,OPTIDX,NFO,5.000000,CE
46446,NIFTYNXT50,2024-08-30,59000.0,10,OPTIDX,NFO,5.000000,PE
46819,NIFTYNXT50,2024-08-30,64300.0,10,OPTIDX,NFO,5.000000,CE
47319,NIFTYNXT50,2024-08-30,70700.0,10,OPTIDX,NFO,5.000000,CE
46817,NIFTYNXT50,2024-08-30,64200.0,10,OPTIDX,NFO,5.000000,PE
47439,NIFTYNXT50,2024-08-30,74000.0,10,OPTIDX,NFO,5.000000,PE
47529,NIFTYNXT50,2024-08-30,76300.0,10,OPTIDX,NFO,5.000000,PE
47396,NIFTYNXT50,2024-08-30,72600.0,10,OPTIDX,NFO,5.000000,PE
46606,NIFTYNXT50,2024-08-30,61100.0,10,OPTIDX,NFO,5.000000,PE
46219,NIFTYNXT50,2024-08-30,56000.0,10,OPTIDX,NFO,5.000000,PE
47610,NIFTYNXT50,2024-08-30,78200.0,10,OPTIDX,NFO,5.000000,CE
47539,NIFTYNXT50,2024-08-30,76500.0,10,OPTIDX,NFO,5.000000,PE
47542,NIFTYNXT50,2024-08-30,76700.0,10,OPTIDX,NFO,5.000000,CE
46687,NIFTYNXT50,2024-08-30,62300.0,10,OPTIDX,NFO,5.000000,PE
46746,NIFTYNXT50,2024-08-30,63400.0,10,OPTIDX,NFO,5.000000,CE
46912,NIFTYNXT50,2024-08-30,65300.0,10,OPTIDX,NFO,5.000000,PE
47698,NIFTYNXT50,2024-08-30,80500.0,10,OPTIDX,NFO,5.000000,CE
46662,NIFTYNXT50,2024-08-30,62100.0,10,OPTIDX,NFO,5.000000,CE
47707,NIFTYNXT50,2024-08-30,81500.0,10,OPTIDX,NFO,5.000000,PE
47443,NIFTYNXT50,2024-08-30,74100.0,10,OPTIDX,NFO,5.000000,PE
47362,NIFTYNXT50,2024-08-30,71600.0,10,OPTIDX,NFO,5.000000,PE
47271,NIFTYNXT50,2024-08-30,69600.0,10,OPTIDX,NFO,5.000000,CE
46993,NIFTYNXT50,2024-08-30,66800.0,10,OPTIDX,NFO,5.000000,CE
47708,NIFTYNXT50,2024-08-30,82000.0,10,OPTIDX,NFO,5.000000,CE
46882,NIFTYNXT50,2024-08-30,64800.0,10,OPTIDX,NFO,5.000000,PE
47710,NIFTYNXT50,2024-08-30,82500.0,10,OPTIDX,NFO,5.000000,CE
47414,NIFTYNXT50,2024-08-30,73100.0,10,OPTIDX,NFO,5.000000,CE
47107,NIFTYNXT50,2024-08-30,67600.0,10,OPTIDX,NFO,5.000000,PE
46980,NIFTYNXT50,2024-08-30,66600.0,10,OPTIDX,NFO,5.000000,CE
46508,NIFTYNXT50,2024-08-30,60000.0,10,OPTIDX,NFO,5.000000,CE
47004,NIFTYNXT50,2024-08-30,66900.0,10,OPTIDX,NFO,5.000000,CE
47331,NIFTYNXT50,2024-08-30,71100.0,10,OPTIDX,NFO,5.000000,CE
46491,NIFTYNXT50,2024-08-30,59700.0,10,OPTIDX,NFO,5.000000,CE
47530,NIFTYNXT50,2024-08-30,76400.0,10,OPTIDX,NFO,5.000000,CE
47253,NIFTYNXT50,2024-08-30,69200.0,10,OPTIDX,NFO,5.000000,CE
47611,NIFTYNXT50,2024-08-30,78200.0,10,OPTIDX,NFO,5.000000,PE
46574,NIFTYNXT50,2024-08-30,60700.0,10,OPTIDX,NFO,5.000000,PE
47248,NIFTYNXT50,2024-08-30,69000.0,10,OPTIDX,NFO,5.000000,PE
47232,NIFTYNXT50,2024-08-30,68900.0,10,OPTIDX,NFO,5.000000,PE
47431,NIFTYNXT50,2024-08-30,73600.0,10,OPTIDX,NFO,5.000000,PE
47436,NIFTYNXT50,2024-08-30,73900.0,10,OPTIDX,NFO,5.000000,CE
47410,NIFTYNXT50,2024-08-30,73000.0,10,OPTIDX,NFO,5.000000,CE
47482,NIFTYNXT50,2024-08-30,75200.0,10,OPTIDX,NFO,5.000000,CE
47448,NIFTYNXT50,2024-08-30,74300.0,10,OPTIDX,NFO,5.000000,CE
47481,NIFTYNXT50,2024-08-30,75100.0,10,OPTIDX,NFO,5.000000,PE
46698,NIFTYNXT50,2024-08-30,62500.0,10,OPTIDX,NFO,5.000000,CE
47113,NIFTYNXT50,2024-08-30,67700.0,10,OPTIDX,NFO,5.000000,PE
46421,NIFTYNXT50,2024-08-30,58300.0,10,OPTIDX,NFO,5.000000,PE
46722,NIFTYNXT50,2024-08-30,63100.0,10,OPTIDX,NFO,5.000000,CE
46669,NIFTYNXT50,2024-08-30,62200.0,10,OPTIDX,NFO,5.000000,CE
47300,NIFTYNXT50,2024-08-30,70400.0,10,OPTIDX,NFO,5.000000,PE
46701,NIFTYNXT50,2024-08-30,62500.0,10,OPTIDX,NFO,5.000000,PE
46571,NIFTYNXT50,2024-08-30,60600.0,10,OPTIDX,NFO,5.000000,PE
47498,NIFTYNXT50,2024-08-30,75600.0,10,OPTIDX,NFO,5.000000,CE
47634,NIFTYNXT50,2024-08-30,78400.0,10,OPTIDX,NFO,5.000000,CE
47653,NIFTYNXT50,2024-08-30,78500.0,10,OPTIDX,NFO,5.000000,PE
47656,NIFTYNXT50,2024-08-30,78700.0,10,OPTIDX,NFO,5.000000,CE
46915,NIFTYNXT50,2024-08-30,65500.0,10,OPTIDX,NFO,5.000000,CE
47521,NIFTYNXT50,2024-08-30,76000.0,10,OPTIDX,NFO,5.000000,PE
47392,NIFTYNXT50,2024-08-30,72500.0,10,OPTIDX,NFO,5.000000,CE
47605,NIFTYNXT50,2024-08-30,77900.0,10,OPTIDX,NFO,5.000000,PE
46924,NIFTYNXT50,2024-08-30,65800.0,10,OPTIDX,NFO,5.000000,CE
47553,NIFTYNXT50,2024-08-30,76800.0,10,OPTIDX,NFO,5.000000,PE
47635,NIFTYNXT50,2024-08-30,78400.0,10,OPTIDX,NFO,5.000000,PE
47169,NIFTYNXT50,2024-08-30,68200.0,10,OPTIDX,NFO,5.000000,PE
47295,NIFTYNXT50,2024-08-30,70200.0,10,OPTIDX,NFO,5.000000,CE
46865,NIFTYNXT50,2024-08-30,64700.0,10,OPTIDX,NFO,5.000000,CE
47594,NIFTYNXT50,2024-08-30,77700.0,10,OPTIDX,NFO,5.000000,CE
47206,NIFTYNXT50,2024-08-30,68500.0,10,OPTIDX,NFO,5.000000,PE
47144,NIFTYNXT50,2024-08-30,67800.0,10,OPTIDX,NFO,5.000000,PE
47357,NIFTYNXT50,2024-08-30,71400.0,10,OPTIDX,NFO,5.000000,PE
46931,NIFTYNXT50,2024-08-30,65900.0,10,OPTIDX,NFO,5.000000,PE
47275,NIFTYNXT50,2024-08-30,69600.0,10,OPTIDX,NFO,5.000000,PE
47374,NIFTYNXT50,2024-08-30,72200.0,10,OPTIDX,NFO,5.000000,CE
46501,NIFTYNXT50,2024-08-30,59900.0,10,OPTIDX,NFO,5.000000,CE
46436,NIFTYNXT50,2024-08-30,58800.0,10,OPTIDX,NFO,5.000000,PE
47435,NIFTYNXT50,2024-08-30,73800.0,10,OPTIDX,NFO,5.000000,PE
46481,NIFTYNXT50,2024-08-30,59400.0,10,OPTIDX,NFO,5.000000,PE
